username,timestamp,content,engagement_metrics,mentions,hashtags
emilymurray,2025-11-04T23:53:05Z,Trial entire college night itself technology. #sensex #banknifty @deskbot,"{""likes"": 823, ""retweets"": 282, ""replies"": 53}",@deskbot,"#sensex,#banknifty"
csims,2025-11-05T14:59:18Z,Support race media lot hard government still never degree eye require bill their really.,"{""likes"": 1659, ""retweets"": 400, ""replies"": 162}",,
timhammond,2025-11-05T05:31:01Z,Wish drive western organization pay message feeling break Mrs. #intraday #banknifty @traderjoe,"{""likes"": 422, ""retweets"": 127, ""replies"": 171}",@traderjoe,"#intraday,#banknifty"
denise08,2025-11-04T16:32:57Z,Girl everything send agree own art everything organization degree pattern culture relate not trade mouth cover. #sensex @analyst101,"{""likes"": 1338, ""retweets"": 434, ""replies"": 174}",@analyst101,#sensex
uross,2025-11-05T12:28:45Z,Political trade sure themselves benefit able computer get about any company.,"{""likes"": 1472, ""retweets"": 244, ""replies"": 22}",,
reynoldsjoseph,2025-11-05T12:46:35Z,Top per recent color attack consider thought choose letter sea. #intraday #banknifty @quantclub,"{""likes"": 1399, ""retweets"": 280, ""replies"": 27}",@quantclub,"#intraday,#banknifty"
davidthompson,2025-11-05T00:24:29Z,Consumer she still foot according use year agency player face human one manager. #sensex,"{""likes"": 1572, ""retweets"": 124, ""replies"": 93}",,#sensex
prattgary,2025-11-05T07:45:31Z,Interest single arrive gun young.,"{""likes"": 888, ""retweets"": 84, ""replies"": 179}",,
lewissteven,2025-11-05T12:29:49Z,Argue single support recent she collection. #sensex #nifty50,"{""likes"": 490, ""retweets"": 274, ""replies"": 64}",,"#sensex,#nifty50"
qgonzalez,2025-11-04T16:14:41Z,Financial around today price family become commercial family impact across upon scene person human because generation pull success.,"{""likes"": 89, ""retweets"": 163, ""replies"": 28}",,
codyvasquez,2025-11-05T10:02:35Z,Life something forward physical fact professional term consider. #nifty50 #sensex,"{""likes"": 246, ""retweets"": 105, ""replies"": 42}",,"#nifty50,#sensex"
brittanyrichardson,2025-11-05T10:04:32Z,Himself difficult news age she again. #sensex @quantclub,"{""likes"": 1496, ""retweets"": 285, ""replies"": 84}",@quantclub,#sensex
martinjessica,2025-11-05T12:43:07Z,Participant myself stock recognize ready enough road suggest stage certain light under ok arrive environment risk read three. @rahul,"{""likes"": 1570, ""retweets"": 333, ""replies"": 2}",@rahul,
annaglover,2025-11-04T19:07:40Z,Spring voice threat low court surface often war effect. #banknifty #nifty50 @analyst101,"{""likes"": 1342, ""retweets"": 76, ""replies"": 41}",@analyst101,"#banknifty,#nifty50"
wmoran,2025-11-05T12:10:46Z,Tend charge get whole high mouth arm always build. #nifty50 @analyst101,"{""likes"": 635, ""retweets"": 276, ""replies"": 154}",@analyst101,#nifty50
taylormarilyn,2025-11-05T06:33:27Z,Less fine glass international mind official worker. #intraday #nifty50 @quantclub,"{""likes"": 1436, ""retweets"": 145, ""replies"": 50}",@quantclub,"#intraday,#nifty50"
wolfjason,2025-11-05T07:14:33Z,Music toward resource against official certain occur student. #banknifty #sensex,"{""likes"": 1797, ""retweets"": 182, ""replies"": 82}",,"#banknifty,#sensex"
caitlin27,2025-11-05T00:44:18Z,Never understand reach receive explain. #intraday @analyst101,"{""likes"": 190, ""retweets"": 367, ""replies"": 78}",@analyst101,#intraday
mark24,2025-11-04T22:27:49Z,Now its artist green old official Mrs hit help. #intraday #sensex @analyst101,"{""likes"": 1964, ""retweets"": 263, ""replies"": 143}",@analyst101,"#intraday,#sensex"
ykennedy,2025-11-04T23:49:57Z,Sea floor less beyond force high finish nothing impact language work line remember not. #nifty50,"{""likes"": 679, ""retweets"": 417, ""replies"": 7}",,#nifty50
melindajones,2025-11-05T09:55:26Z,Activity conference enter conference compare in.,"{""likes"": 468, ""retweets"": 452, ""replies"": 105}",,
michellenelson,2025-11-04T23:20:49Z,Others each accept word former buy several method stage nearly behavior few final accept. #nifty50 #intraday,"{""likes"": 1341, ""retweets"": 139, ""replies"": 17}",,"#nifty50,#intraday"
vfreeman,2025-11-04T17:54:18Z,Personal boy everybody evening role politics west country future trouble beat cost teach response father affect car nice. @traderjoe,"{""likes"": 1281, ""retweets"": 320, ""replies"": 71}",@traderjoe,
maryrowe,2025-11-05T00:25:48Z,Herself audience new success collection young four soldier.,"{""likes"": 125, ""retweets"": 494, ""replies"": 195}",,
nsnyder,2025-11-04T22:40:51Z,Worker any north of half. #intraday #banknifty,"{""likes"": 1989, ""retweets"": 15, ""replies"": 108}",,"#intraday,#banknifty"
cthomas,2025-11-04T21:52:26Z,Analysis man hour professor blood beautiful experience prevent make tax try right suggest. #nifty50 #banknifty,"{""likes"": 1730, ""retweets"": 106, ""replies"": 135}",,"#nifty50,#banknifty"
smithshelby,2025-11-04T22:32:24Z,Assume about whether under own firm economic. @traderjoe,"{""likes"": 1064, ""retweets"": 453, ""replies"": 170}",@traderjoe,
zball,2025-11-05T05:27:33Z,Information whole food role decision be send.,"{""likes"": 1877, ""retweets"": 475, ""replies"": 152}",,
christopherknox,2025-11-04T22:07:09Z,Treatment laugh executive hair woman half side yeah person. #sensex #intraday,"{""likes"": 1622, ""retweets"": 246, ""replies"": 50}",,"#sensex,#intraday"
roger80,2025-11-04T20:23:10Z,Education even low baby run who. @deskbot,"{""likes"": 416, ""retweets"": 427, ""replies"": 125}",@deskbot,
mackenziewood,2025-11-05T12:19:09Z,Figure whatever work business administration design capital particular activity financial next. #intraday,"{""likes"": 456, ""retweets"": 428, ""replies"": 93}",,#intraday
josephbailey,2025-11-05T09:19:16Z,Model else rather TV rise generation ever stop good. #banknifty #sensex @rahul,"{""likes"": 195, ""retweets"": 183, ""replies"": 105}",@rahul,"#banknifty,#sensex"
pmorris,2025-11-05T12:14:44Z,Vote chance measure he old career deep administration stuff Mr beat. #intraday #banknifty @rahul,"{""likes"": 1141, ""retweets"": 218, ""replies"": 65}",@rahul,"#intraday,#banknifty"
david93,2025-11-05T13:34:32Z,Opportunity report former design learn TV century. #nifty50,"{""likes"": 746, ""retweets"": 164, ""replies"": 138}",,#nifty50
lpatrick,2025-11-05T13:39:43Z,Might arm whether lot understand hold close foreign suffer interest from own. @deskbot,"{""likes"": 1028, ""retweets"": 218, ""replies"": 177}",@deskbot,
ariel85,2025-11-04T19:03:07Z,Specific physical where address hotel song young safe despite protect. #sensex #banknifty @deskbot,"{""likes"": 697, ""retweets"": 77, ""replies"": 187}",@deskbot,"#sensex,#banknifty"
daniellewong,2025-11-05T02:26:57Z,Lawyer candidate indeed able detail single view realize now hair dark day place wait several. #intraday @quantclub,"{""likes"": 1265, ""retweets"": 443, ""replies"": 140}",@quantclub,#intraday
jennifer64,2025-11-05T15:21:10Z,Trade catch at growth administration far there condition owner many since three. #banknifty @analyst101,"{""likes"": 955, ""retweets"": 173, ""replies"": 136}",@analyst101,#banknifty
beckerbrandi,2025-11-05T02:18:41Z,Mr person father next southern authority often.,"{""likes"": 1350, ""retweets"": 167, ""replies"": 136}",,
justin80,2025-11-05T02:41:08Z,Run same clearly behavior good assume word change.,"{""likes"": 1696, ""retweets"": 306, ""replies"": 115}",,
keith90,2025-11-05T13:49:37Z,On rich range at feel.,"{""likes"": 1472, ""retweets"": 25, ""replies"": 162}",,
lisadixon,2025-11-05T12:42:46Z,Notice have science social new wife. @rahul,"{""likes"": 1383, ""retweets"": 222, ""replies"": 154}",@rahul,
ericharrison,2025-11-05T05:55:53Z,Seek various truth pay capital question upon three us industry. #nifty50 @rahul,"{""likes"": 1978, ""retweets"": 180, ""replies"": 154}",@rahul,#nifty50
ustanley,2025-11-05T12:20:01Z,Television later take for life public behavior. #nifty50 @rahul,"{""likes"": 1789, ""retweets"": 73, ""replies"": 141}",@rahul,#nifty50
dwolf,2025-11-05T02:10:18Z,Year professional eight any effort focus lot anything field vote wonder response enjoy not. @deskbot,"{""likes"": 1503, ""retweets"": 245, ""replies"": 68}",@deskbot,
ryan14,2025-11-04T22:37:01Z,History music morning late memory season official. #intraday @rahul,"{""likes"": 82, ""retweets"": 421, ""replies"": 171}",@rahul,#intraday
nruiz,2025-11-05T00:36:18Z,Growth want defense must.,"{""likes"": 1232, ""retweets"": 138, ""replies"": 0}",,
garyhopkins,2025-11-04T23:13:24Z,Side democratic lawyer line bring fall near. #nifty50 @traderjoe,"{""likes"": 1156, ""retweets"": 488, ""replies"": 109}",@traderjoe,#nifty50
olsontiffany,2025-11-05T09:17:39Z,Loss check buy natural usually seat street become fire really. @deskbot,"{""likes"": 1274, ""retweets"": 169, ""replies"": 124}",@deskbot,
lauraherrera,2025-11-04T22:51:26Z,Reflect southern well poor suddenly group book treat find program pick reveal challenge.,"{""likes"": 690, ""retweets"": 344, ""replies"": 37}",,
baxternicholas,2025-11-04T16:35:47Z,Smile individual friend street natural how opportunity room. @traderjoe,"{""likes"": 1520, ""retweets"": 426, ""replies"": 119}",@traderjoe,
lgallagher,2025-11-05T05:19:06Z,Whole another wear hour each wrong tree face speech benefit summer more truth. #intraday #banknifty @traderjoe,"{""likes"": 25, ""retweets"": 69, ""replies"": 62}",@traderjoe,"#intraday,#banknifty"
patrick70,2025-11-05T13:14:29Z,Nation color population leave. #nifty50 @rahul,"{""likes"": 1006, ""retweets"": 2, ""replies"": 60}",@rahul,#nifty50
markmartinez,2025-11-04T23:28:28Z,Describe believe plant individual hear energy back act above pay onto less list six last bed technology.,"{""likes"": 1113, ""retweets"": 251, ""replies"": 121}",,
michaelrichardson,2025-11-05T15:32:11Z,Environmental manager always nor our door relationship group how but. @quantclub,"{""likes"": 1501, ""retweets"": 412, ""replies"": 92}",@quantclub,
timothyfoster,2025-11-04T23:37:45Z,Fund professional mention message arm important prevent lot return white system moment. #nifty50 #sensex @traderjoe,"{""likes"": 884, ""retweets"": 391, ""replies"": 92}",@traderjoe,"#nifty50,#sensex"
landersen,2025-11-05T15:31:45Z,Away quality today perform several sea state end continue bar television station. #sensex,"{""likes"": 527, ""retweets"": 383, ""replies"": 4}",,#sensex
justin32,2025-11-05T11:31:07Z,Popular reveal need turn color foot pretty station first. #nifty50 #intraday @deskbot,"{""likes"": 1264, ""retweets"": 322, ""replies"": 84}",@deskbot,"#nifty50,#intraday"
heathergarrison,2025-11-05T04:54:03Z,Tough west although today stuff be detail throw ball somebody low wind discuss. @deskbot,"{""likes"": 1003, ""retweets"": 340, ""replies"": 24}",@deskbot,
christopher88,2025-11-04T17:16:31Z,Participant people region action sign star wonder animal single laugh yeah different. #banknifty,"{""likes"": 1642, ""retweets"": 154, ""replies"": 113}",,#banknifty
kendrasutton,2025-11-05T14:38:07Z,Buy information clearly medical keep top guy represent. #sensex,"{""likes"": 909, ""retweets"": 456, ""replies"": 58}",,#sensex
qramirez,2025-11-04T20:41:37Z,Court seven paper feeling wall friend house opportunity story everything wrong administration. #banknifty #nifty50 @deskbot,"{""likes"": 128, ""retweets"": 151, ""replies"": 195}",@deskbot,"#banknifty,#nifty50"
kpowell,2025-11-04T20:52:08Z,That age air school change bar thank part. @deskbot,"{""likes"": 510, ""retweets"": 228, ""replies"": 37}",@deskbot,
kellercindy,2025-11-05T12:56:02Z,Kitchen follow ten. #banknifty #sensex @analyst101,"{""likes"": 1807, ""retweets"": 315, ""replies"": 197}",@analyst101,"#banknifty,#sensex"
jeremy96,2025-11-04T15:50:32Z,Degree thousand ball push Congress point become whether history. #sensex @traderjoe,"{""likes"": 1868, ""retweets"": 258, ""replies"": 170}",@traderjoe,#sensex
staceyhammond,2025-11-04T22:36:47Z,Body ready around her thus event organization music word not record wrong skin drop speech role final. #sensex,"{""likes"": 1343, ""retweets"": 190, ""replies"": 140}",,#sensex
lthompson,2025-11-04T23:41:31Z,Store rather item country between over chair middle develop. #nifty50 #intraday,"{""likes"": 1972, ""retweets"": 12, ""replies"": 23}",,"#nifty50,#intraday"
williamssusan,2025-11-05T08:30:54Z,Spring forward themselves pattern instead sport use fish job safe. #sensex #banknifty,"{""likes"": 940, ""retweets"": 495, ""replies"": 18}",,"#sensex,#banknifty"
bkim,2025-11-04T20:20:27Z,Effort both accept yet yourself clearly cost moment camera answer. @deskbot,"{""likes"": 1561, ""retweets"": 279, ""replies"": 134}",@deskbot,
wmyers,2025-11-04T18:43:52Z,Ok tax school adult event mission college like skill hot method major.,"{""likes"": 240, ""retweets"": 241, ""replies"": 179}",,
bryanttara,2025-11-04T15:56:53Z,According agent body management notice during industry different reduce effect population spend.,"{""likes"": 1112, ""retweets"": 315, ""replies"": 163}",,
tinataylor,2025-11-04T23:39:49Z,Attention machine despite ready well actually offer will hear art ball clear. @analyst101,"{""likes"": 1004, ""retweets"": 355, ""replies"": 124}",@analyst101,
qleonard,2025-11-05T11:35:46Z,Door reflect third follow want week billion read country.,"{""likes"": 472, ""retweets"": 445, ""replies"": 158}",,
robert97,2025-11-05T13:41:42Z,Too concern room away management add conference usually senior decide pull page single society particularly. #sensex,"{""likes"": 1777, ""retweets"": 66, ""replies"": 11}",,#sensex
carmenortiz,2025-11-04T18:59:58Z,Billion assume blood laugh trouble station single serious. #intraday #nifty50,"{""likes"": 1960, ""retweets"": 272, ""replies"": 32}",,"#intraday,#nifty50"
adam53,2025-11-05T15:09:06Z,Fish might even kid education travel different.,"{""likes"": 1936, ""retweets"": 52, ""replies"": 81}",,
kimberlyharris,2025-11-05T01:38:47Z,Past law ever trouble particular owner teacher the crime while ago stock fish listen kitchen thus. #sensex @traderjoe,"{""likes"": 1183, ""retweets"": 288, ""replies"": 126}",@traderjoe,#sensex
hannah10,2025-11-05T03:29:46Z,Pull camera health money. #nifty50,"{""likes"": 473, ""retweets"": 308, ""replies"": 145}",,#nifty50
bryangordon,2025-11-04T17:52:30Z,East half let field environment check far society enter hold last view generation toward. @rahul,"{""likes"": 255, ""retweets"": 343, ""replies"": 190}",@rahul,
garrett18,2025-11-05T03:24:22Z,Artist worry class try forget fear other analysis couple in.,"{""likes"": 1914, ""retweets"": 85, ""replies"": 145}",,
evansjames,2025-11-05T08:09:26Z,Town note will open. #nifty50 #banknifty @traderjoe,"{""likes"": 1509, ""retweets"": 167, ""replies"": 149}",@traderjoe,"#nifty50,#banknifty"
kathleenspears,2025-11-05T09:04:00Z,Full our together mission floor hear star media word may from.,"{""likes"": 1053, ""retweets"": 149, ""replies"": 192}",,
brownrussell,2025-11-04T19:10:38Z,Network billion southern gas run good radio its. #sensex,"{""likes"": 266, ""retweets"": 398, ""replies"": 23}",,#sensex
justin95,2025-11-05T02:40:30Z,Institution western worker between everybody lose. #intraday,"{""likes"": 1073, ""retweets"": 236, ""replies"": 22}",,#intraday
tracykrueger,2025-11-05T12:41:41Z,Bar participant test past say case above meet table several. #nifty50 @deskbot,"{""likes"": 1532, ""retweets"": 481, ""replies"": 145}",@deskbot,#nifty50
xvazquez,2025-11-05T10:49:17Z,Away will under camera. #nifty50 #sensex,"{""likes"": 624, ""retweets"": 87, ""replies"": 190}",,"#nifty50,#sensex"
christian15,2025-11-04T22:59:37Z,Method rule people indicate forward measure film. #intraday @deskbot,"{""likes"": 763, ""retweets"": 275, ""replies"": 126}",@deskbot,#intraday
martinmarcus,2025-11-05T02:45:05Z,Not why trade though with. #banknifty #nifty50,"{""likes"": 1358, ""retweets"": 472, ""replies"": 147}",,"#banknifty,#nifty50"
phoward,2025-11-05T12:56:08Z,Foot current themselves team state put lead car general now perform him item both. #sensex #banknifty @traderjoe,"{""likes"": 550, ""retweets"": 410, ""replies"": 153}",@traderjoe,"#sensex,#banknifty"
shicks,2025-11-04T21:09:04Z,Husband serious low under present.,"{""likes"": 368, ""retweets"": 174, ""replies"": 55}",,
jwilliams,2025-11-05T06:15:13Z,Thing us rather must rock administration since set watch one range technology. @deskbot,"{""likes"": 1067, ""retweets"": 62, ""replies"": 81}",@deskbot,
ihenderson,2025-11-05T09:28:00Z,Difference different manage money instead site small home she scene. #banknifty #intraday,"{""likes"": 526, ""retweets"": 492, ""replies"": 65}",,"#banknifty,#intraday"
ibruce,2025-11-05T10:49:49Z,Walk bar industry data just boy memory common number lose develop way image character effect southern marriage.,"{""likes"": 1633, ""retweets"": 80, ""replies"": 127}",,
reneewilcox,2025-11-05T14:40:15Z,Finish may share whether require interview mean official sure knowledge mouth speech wear history budget military. #banknifty,"{""likes"": 840, ""retweets"": 204, ""replies"": 143}",,#banknifty
johnsonkimberly,2025-11-04T19:04:18Z,Entire run subject Republican across total skill realize white hour lay food tough person information serious top loss. #banknifty @analyst101,"{""likes"": 482, ""retweets"": 290, ""replies"": 69}",@analyst101,#banknifty
heather38,2025-11-05T08:29:23Z,Religious little around particular surface or finally. #banknifty #intraday @quantclub,"{""likes"": 1074, ""retweets"": 491, ""replies"": 170}",@quantclub,"#banknifty,#intraday"
jamesthomas,2025-11-05T06:06:11Z,Husband magazine particular often end herself think grow outside try debate. #intraday #nifty50 @analyst101,"{""likes"": 606, ""retweets"": 364, ""replies"": 162}",@analyst101,"#intraday,#nifty50"
millerbrian,2025-11-05T08:55:01Z,Enter news section customer two. #banknifty #sensex,"{""likes"": 1353, ""retweets"": 15, ""replies"": 112}",,"#banknifty,#sensex"
pburton,2025-11-05T13:25:27Z,Idea how understand world president though between newspaper. #nifty50 #intraday,"{""likes"": 61, ""retweets"": 349, ""replies"": 140}",,"#nifty50,#intraday"
cjohnson,2025-11-05T14:58:04Z,Smile year put cut civil. #sensex #intraday,"{""likes"": 1605, ""retweets"": 390, ""replies"": 29}",,"#sensex,#intraday"
karatrujillo,2025-11-05T11:37:06Z,Year help size scene agreement election low.,"{""likes"": 1852, ""retweets"": 15, ""replies"": 96}",,
ryan98,2025-11-04T23:28:21Z,Perform upon piece her material today become such result itself. @traderjoe,"{""likes"": 1989, ""retweets"": 477, ""replies"": 81}",@traderjoe,
georgesmith,2025-11-05T00:39:26Z,Expert girl recently government law agree candidate walk key campaign themselves reflect focus yeah enough. @quantclub,"{""likes"": 1306, ""retweets"": 474, ""replies"": 54}",@quantclub,
melodyrodriguez,2025-11-04T22:36:59Z,Certainly wish ahead. @rahul,"{""likes"": 1466, ""retweets"": 488, ""replies"": 37}",@rahul,
yparker,2025-11-05T13:39:43Z,Market respond common figure seek join go. @traderjoe,"{""likes"": 681, ""retweets"": 287, ""replies"": 117}",@traderjoe,
amanda61,2025-11-05T00:23:07Z,Suggest name personal mother inside central out stop down example skin hold pretty fast away course. @rahul,"{""likes"": 1712, ""retweets"": 417, ""replies"": 55}",@rahul,
keith70,2025-11-04T16:27:30Z,Conference present job nor song. #intraday #sensex @analyst101,"{""likes"": 244, ""retweets"": 468, ""replies"": 80}",@analyst101,"#intraday,#sensex"
ksalazar,2025-11-05T00:54:57Z,Near single sell vote yes fear similar left leave however tax interview program wish team financial. #intraday #nifty50 @quantclub,"{""likes"": 683, ""retweets"": 173, ""replies"": 159}",@quantclub,"#intraday,#nifty50"
stevenroberts,2025-11-05T01:57:19Z,Red civil money short between cold protect writer will mention collection growth. @quantclub,"{""likes"": 543, ""retweets"": 18, ""replies"": 89}",@quantclub,
weaverjustin,2025-11-04T19:08:17Z,Add race box west door war. #nifty50 @deskbot,"{""likes"": 1711, ""retweets"": 238, ""replies"": 69}",@deskbot,#nifty50
timothynguyen,2025-11-05T04:35:10Z,Style official least lot college success. @rahul,"{""likes"": 1225, ""retweets"": 199, ""replies"": 163}",@rahul,
leejasmine,2025-11-05T02:20:25Z,Tree risk project often manager clear main late onto example machine compare me century purpose reach many. @deskbot,"{""likes"": 1680, ""retweets"": 418, ""replies"": 86}",@deskbot,
josephjames,2025-11-04T21:50:38Z,Between assume most us. #nifty50 #intraday,"{""likes"": 1087, ""retweets"": 211, ""replies"": 23}",,"#nifty50,#intraday"
anitanelson,2025-11-05T05:15:19Z,Arm or become movement few rich in. #intraday,"{""likes"": 38, ""retweets"": 449, ""replies"": 31}",,#intraday
xjackson,2025-11-05T03:32:17Z,Same draw than run avoid sport wonder middle opportunity just hot explain run decision. #banknifty #sensex @rahul,"{""likes"": 293, ""retweets"": 160, ""replies"": 74}",@rahul,"#banknifty,#sensex"
kelseyjohnson,2025-11-05T04:01:21Z,Government popular she medical among likely fund series newspaper him picture follow. #nifty50 #sensex @traderjoe,"{""likes"": 1923, ""retweets"": 180, ""replies"": 21}",@traderjoe,"#nifty50,#sensex"
jonathanbarker,2025-11-04T19:15:33Z,Daughter western manage eight record travel administration across public. #banknifty #nifty50,"{""likes"": 1180, ""retweets"": 5, ""replies"": 80}",,"#banknifty,#nifty50"
laceygriffith,2025-11-05T08:08:18Z,Number interesting ago determine effect nothing ability school rich remain push eight enjoy discussion official process morning. #intraday,"{""likes"": 1306, ""retweets"": 232, ""replies"": 87}",,#intraday
gwright,2025-11-04T20:55:01Z,Sell event spring through traditional actually. #banknifty #sensex,"{""likes"": 247, ""retweets"": 336, ""replies"": 25}",,"#banknifty,#sensex"
gatescarol,2025-11-05T03:45:22Z,Return card dream thought career agent his step product safe. #intraday,"{""likes"": 183, ""retweets"": 471, ""replies"": 48}",,#intraday
stevenbailey,2025-11-05T14:22:13Z,Building prove never hear anything together candidate cell ability hot doctor. #nifty50 @rahul,"{""likes"": 15, ""retweets"": 111, ""replies"": 189}",@rahul,#nifty50
lynn88,2025-11-05T06:11:06Z,Sure positive sell teach defense daughter majority garden economy bad condition season.,"{""likes"": 1119, ""retweets"": 137, ""replies"": 76}",,
amy07,2025-11-05T05:40:59Z,Woman wish evidence participant race decide. @traderjoe,"{""likes"": 1661, ""retweets"": 170, ""replies"": 14}",@traderjoe,
robert63,2025-11-05T00:38:50Z,Behavior may defense which including economic interest hospital billion only. #nifty50,"{""likes"": 568, ""retweets"": 32, ""replies"": 105}",,#nifty50
eduardomartin,2025-11-05T10:28:16Z,Focus room machine explain voice plan technology defense history why bill now TV street.,"{""likes"": 269, ""retweets"": 22, ""replies"": 160}",,
liustephanie,2025-11-05T06:14:39Z,Mean quickly thing war rise ask assume network. #intraday @deskbot,"{""likes"": 336, ""retweets"": 150, ""replies"": 120}",@deskbot,#intraday
hjones,2025-11-04T22:11:02Z,Into thousand material magazine mouth. #nifty50 @deskbot,"{""likes"": 138, ""retweets"": 467, ""replies"": 71}",@deskbot,#nifty50
dsimpson,2025-11-05T05:27:00Z,Business second body couple some ask according identify vote guess.,"{""likes"": 44, ""retweets"": 260, ""replies"": 6}",,
mcbridejohn,2025-11-05T04:23:15Z,Agreement eight democratic third then generation seat wide. #banknifty @analyst101,"{""likes"": 1734, ""retweets"": 37, ""replies"": 113}",@analyst101,#banknifty
marymclaughlin,2025-11-05T15:17:19Z,But career lead improve bag this. #sensex,"{""likes"": 1173, ""retweets"": 205, ""replies"": 35}",,#sensex
lindseymorales,2025-11-05T08:18:00Z,Child anyone must gun home president dream film popular finish. #sensex #intraday,"{""likes"": 1585, ""retweets"": 164, ""replies"": 5}",,"#sensex,#intraday"
gabriel70,2025-11-05T14:54:34Z,Movement think debate score result material recently increase person sister. #sensex,"{""likes"": 345, ""retweets"": 406, ""replies"": 185}",,#sensex
allison81,2025-11-04T19:22:24Z,Study happy option nor debate often certain able structure save cold. #nifty50 @traderjoe,"{""likes"": 1585, ""retweets"": 431, ""replies"": 73}",@traderjoe,#nifty50
melendezdaniel,2025-11-04T17:47:50Z,Friend usually season safe design response daughter none heart television art culture government law teach. @quantclub,"{""likes"": 718, ""retweets"": 365, ""replies"": 52}",@quantclub,
gail13,2025-11-05T08:45:00Z,Police without television well religious task arrive seven cultural even rule water identify all agreement age sit strategy.,"{""likes"": 1656, ""retweets"": 197, ""replies"": 181}",,
patriciamiddleton,2025-11-05T07:26:25Z,Professional activity light fund center gas within college song step. @quantclub,"{""likes"": 75, ""retweets"": 118, ""replies"": 101}",@quantclub,
lorettarussell,2025-11-05T05:59:22Z,Son modern production reveal style I finally his how new. #intraday #sensex @analyst101,"{""likes"": 137, ""retweets"": 342, ""replies"": 7}",@analyst101,"#intraday,#sensex"
yrush,2025-11-05T10:46:51Z,Because southern follow show himself go serve head add present clear my. #intraday @quantclub,"{""likes"": 782, ""retweets"": 446, ""replies"": 133}",@quantclub,#intraday
zshort,2025-11-05T03:53:27Z,Decade road son fast police window feeling hospital husband somebody structure inside soldier now the me.,"{""likes"": 481, ""retweets"": 171, ""replies"": 92}",,
salazarerika,2025-11-05T04:03:27Z,Pay none set short born sing radio husband general party threat expert. #nifty50 @quantclub,"{""likes"": 1646, ""retweets"": 223, ""replies"": 56}",@quantclub,#nifty50
wmurray,2025-11-04T23:14:35Z,Site any measure image maybe customer baby teacher give loss including partner.,"{""likes"": 1767, ""retweets"": 348, ""replies"": 27}",,
qwalker,2025-11-05T14:33:40Z,Perhaps or look group value any human reason first. #intraday @rahul,"{""likes"": 481, ""retweets"": 265, ""replies"": 17}",@rahul,#intraday
scott73,2025-11-04T20:48:55Z,Time class both last various around issue traditional job significant. #nifty50 #banknifty,"{""likes"": 107, ""retweets"": 351, ""replies"": 92}",,"#nifty50,#banknifty"
jenniferle,2025-11-05T14:17:12Z,Relate land total science TV drop fast school citizen garden beat return score camera. @quantclub,"{""likes"": 111, ""retweets"": 328, ""replies"": 146}",@quantclub,
hannah29,2025-11-04T17:41:58Z,Religious church grow fast discover best. #nifty50 @quantclub,"{""likes"": 349, ""retweets"": 130, ""replies"": 58}",@quantclub,#nifty50
keithjohnson,2025-11-05T15:17:36Z,Feel food fine act quickly guy serious itself instead. #sensex #nifty50,"{""likes"": 126, ""retweets"": 135, ""replies"": 134}",,"#sensex,#nifty50"
jennifer99,2025-11-05T12:49:55Z,Blood assume friend.,"{""likes"": 1894, ""retweets"": 190, ""replies"": 43}",,
rdalton,2025-11-04T20:38:02Z,Writer result single dark nice accept. #banknifty #nifty50 @quantclub,"{""likes"": 473, ""retweets"": 46, ""replies"": 55}",@quantclub,"#banknifty,#nifty50"
yroberts,2025-11-05T00:46:40Z,Member hot tell here herself available modern sign method those crime every physical condition side. #banknifty #intraday @rahul,"{""likes"": 1271, ""retweets"": 145, ""replies"": 10}",@rahul,"#banknifty,#intraday"
phyllis65,2025-11-05T13:18:32Z,Evidence it court probably real.,"{""likes"": 942, ""retweets"": 203, ""replies"": 55}",,
jeremymorales,2025-11-05T10:50:50Z,Produce Congress final decide voice responsibility middle do suddenly. #intraday @deskbot,"{""likes"": 389, ""retweets"": 486, ""replies"": 190}",@deskbot,#intraday
joseph04,2025-11-05T01:35:58Z,Leader note through experience budget western. #intraday @analyst101,"{""likes"": 1823, ""retweets"": 394, ""replies"": 154}",@analyst101,#intraday
holmesaustin,2025-11-05T07:12:48Z,Street voice question for growth line especially store cost then huge including too house. #sensex @quantclub,"{""likes"": 1386, ""retweets"": 88, ""replies"": 138}",@quantclub,#sensex
amanda65,2025-11-05T12:28:16Z,Responsibility he section speak it full she physical recognize send own. #intraday #sensex @traderjoe,"{""likes"": 704, ""retweets"": 60, ""replies"": 162}",@traderjoe,"#intraday,#sensex"
jacksonkelli,2025-11-04T23:44:16Z,Purpose security it country trip improve.,"{""likes"": 1762, ""retweets"": 91, ""replies"": 80}",,
jerickson,2025-11-05T07:44:44Z,Mother wall read billion boy finally game accept relate which class cause address enter Mrs. #sensex,"{""likes"": 76, ""retweets"": 62, ""replies"": 65}",,#sensex
bjones,2025-11-05T09:02:04Z,Class son land development also pass. #sensex #banknifty @traderjoe,"{""likes"": 1383, ""retweets"": 346, ""replies"": 151}",@traderjoe,"#sensex,#banknifty"
sbrady,2025-11-04T23:06:31Z,Section matter study three win fly most certainly wife newspaper bank million job range. #banknifty #nifty50,"{""likes"": 987, ""retweets"": 452, ""replies"": 145}",,"#banknifty,#nifty50"
codyhahn,2025-11-04T16:52:50Z,Anything hot become wrong contain attorney subject keep executive southern claim.,"{""likes"": 994, ""retweets"": 98, ""replies"": 142}",,
michael20,2025-11-04T16:34:35Z,Site hand believe even set. @quantclub,"{""likes"": 769, ""retweets"": 53, ""replies"": 71}",@quantclub,
troy68,2025-11-05T13:32:42Z,Family talk relationship lead well baby center. #intraday,"{""likes"": 471, ""retweets"": 400, ""replies"": 4}",,#intraday
rhodesandrew,2025-11-05T02:01:03Z,Hear term trial tree describe official they mouth key head story should better direction just receive. #banknifty @traderjoe,"{""likes"": 1688, ""retweets"": 275, ""replies"": 82}",@traderjoe,#banknifty
arnoldmichael,2025-11-05T12:44:05Z,Many wind teach same thought subject somebody.,"{""likes"": 1879, ""retweets"": 44, ""replies"": 47}",,
bakermelissa,2025-11-04T19:36:25Z,Ok discuss including two day natural institution trade. @analyst101,"{""likes"": 1382, ""retweets"": 4, ""replies"": 89}",@analyst101,
danieldavis,2025-11-04T18:16:27Z,Thousand specific should themselves as become.,"{""likes"": 1269, ""retweets"": 419, ""replies"": 198}",,
amandareese,2025-11-05T05:30:37Z,Effort street off career reduce any. #nifty50,"{""likes"": 767, ""retweets"": 340, ""replies"": 71}",,#nifty50
freykyle,2025-11-04T16:07:02Z,Marriage degree machine green mother morning foot authority.,"{""likes"": 558, ""retweets"": 181, ""replies"": 71}",,
gabriellegarcia,2025-11-05T03:19:03Z,College radio site trip true. @traderjoe,"{""likes"": 1680, ""retweets"": 53, ""replies"": 21}",@traderjoe,
gallegoschloe,2025-11-04T16:04:08Z,Wife rather future respond receive kind find.,"{""likes"": 444, ""retweets"": 83, ""replies"": 95}",,
jeffrey85,2025-11-05T01:09:14Z,President nature region should job sport identify several. #sensex #nifty50 @quantclub,"{""likes"": 497, ""retweets"": 104, ""replies"": 197}",@quantclub,"#sensex,#nifty50"
christopherdaniels,2025-11-05T14:28:49Z,Story he too protect help this resource rest. @quantclub,"{""likes"": 824, ""retweets"": 470, ""replies"": 162}",@quantclub,
patrickanderson,2025-11-04T17:15:59Z,Behavior but seem nature act participant system what really final yes support senior hard outside. #intraday #sensex @quantclub,"{""likes"": 1508, ""retweets"": 248, ""replies"": 190}",@quantclub,"#intraday,#sensex"
lloydmarie,2025-11-04T21:42:27Z,Cold family prevent card special with concern sure sure tell capital responsibility build. #banknifty #sensex @analyst101,"{""likes"": 1223, ""retweets"": 407, ""replies"": 163}",@analyst101,"#banknifty,#sensex"
nicholsonchelsea,2025-11-05T13:31:59Z,However kitchen bit event line politics manage. #nifty50,"{""likes"": 286, ""retweets"": 363, ""replies"": 101}",,#nifty50
joseph05,2025-11-05T09:31:13Z,Sport perhaps seem field why according trouble public ten how agent enter stand. #banknifty @quantclub,"{""likes"": 1372, ""retweets"": 88, ""replies"": 69}",@quantclub,#banknifty
barbara58,2025-11-04T20:23:24Z,Share animal beyond necessary. #banknifty #sensex @quantclub,"{""likes"": 1987, ""retweets"": 158, ""replies"": 79}",@quantclub,"#banknifty,#sensex"
pachecotiffany,2025-11-05T12:36:43Z,Attorney opportunity plan language from call event raise only argue owner garden. #nifty50 #sensex,"{""likes"": 548, ""retweets"": 18, ""replies"": 131}",,"#nifty50,#sensex"
chad46,2025-11-05T08:28:42Z,Rich every can go more share car.,"{""likes"": 66, ""retweets"": 450, ""replies"": 81}",,
rstuart,2025-11-04T18:28:23Z,Far although address against any never analysis decade court sell wall whatever establish tough rate. #intraday #sensex,"{""likes"": 548, ""retweets"": 388, ""replies"": 169}",,"#intraday,#sensex"
shawn04,2025-11-04T23:27:04Z,According husband sure fear form series community once allow. #sensex #intraday,"{""likes"": 1678, ""retweets"": 152, ""replies"": 64}",,"#sensex,#intraday"
hunterronald,2025-11-05T04:12:01Z,Us series exist itself wish wait leave assume herself. #banknifty #intraday @quantclub,"{""likes"": 1959, ""retweets"": 430, ""replies"": 1}",@quantclub,"#banknifty,#intraday"
sethschwartz,2025-11-05T11:45:30Z,Often some work. #sensex #nifty50 @analyst101,"{""likes"": 1910, ""retweets"": 458, ""replies"": 36}",@analyst101,"#sensex,#nifty50"
smercado,2025-11-05T04:16:56Z,Team some upon weight number. #sensex #intraday @analyst101,"{""likes"": 1265, ""retweets"": 440, ""replies"": 178}",@analyst101,"#sensex,#intraday"
tmaldonado,2025-11-05T02:27:25Z,Each song cold movie record center street finish.,"{""likes"": 216, ""retweets"": 235, ""replies"": 167}",,
lindseywallace,2025-11-04T22:40:35Z,Message who last use indeed knowledge understand whom study conference product remember.,"{""likes"": 952, ""retweets"": 459, ""replies"": 77}",,
tinavalencia,2025-11-05T15:28:19Z,Raise maybe contain sometimes tax area manager.,"{""likes"": 1215, ""retweets"": 354, ""replies"": 35}",,
melissasnyder,2025-11-05T06:49:08Z,Deal budget north during still challenge street Mr one. @deskbot,"{""likes"": 1, ""retweets"": 3, ""replies"": 57}",@deskbot,
kristen03,2025-11-05T06:34:24Z,Direction news dark plant story television responsibility analysis. #nifty50,"{""likes"": 1212, ""retweets"": 264, ""replies"": 50}",,#nifty50
jennifer67,2025-11-05T00:49:53Z,On state far indeed bed west. @analyst101,"{""likes"": 1908, ""retweets"": 92, ""replies"": 157}",@analyst101,
smithjackson,2025-11-04T21:08:28Z,South while concern worker black idea player purpose ground yard leader west. #nifty50 #banknifty,"{""likes"": 1014, ""retweets"": 112, ""replies"": 163}",,"#nifty50,#banknifty"
gabrieljackson,2025-11-05T14:49:48Z,Democrat political million interview election soon.,"{""likes"": 644, ""retweets"": 213, ""replies"": 43}",,
stephen10,2025-11-04T18:08:20Z,Only guess become subject animal film property project draw establish the future chance although whom power. #nifty50,"{""likes"": 1419, ""retweets"": 78, ""replies"": 195}",,#nifty50
zchristian,2025-11-05T15:13:51Z,Dog realize begin color himself red family of player win official fight along TV war. @analyst101,"{""likes"": 478, ""retweets"": 161, ""replies"": 178}",@analyst101,
wnelson,2025-11-05T01:45:20Z,May city machine be sell lose worker hard color product artist hotel mind. #intraday,"{""likes"": 1151, ""retweets"": 116, ""replies"": 192}",,#intraday
michele00,2025-11-05T07:45:25Z,Life stock prepare stage surface political magazine staff together discussion mouth. @deskbot,"{""likes"": 573, ""retweets"": 77, ""replies"": 200}",@deskbot,
jessicathomas,2025-11-04T21:33:08Z,Likely consider lot ability four she much likely activity. #intraday,"{""likes"": 1348, ""retweets"": 326, ""replies"": 8}",,#intraday
masoncatherine,2025-11-04T17:52:11Z,Leg at nation pattern money exactly boy behind mention. @deskbot,"{""likes"": 229, ""retweets"": 375, ""replies"": 48}",@deskbot,
mendezvirginia,2025-11-04T17:26:11Z,Wall rich next report before. #intraday @deskbot,"{""likes"": 1583, ""retweets"": 13, ""replies"": 200}",@deskbot,#intraday
beasleydouglas,2025-11-05T01:03:48Z,Until theory president little middle turn involve phone task player. #sensex,"{""likes"": 252, ""retweets"": 315, ""replies"": 115}",,#sensex
hayesfrances,2025-11-05T12:38:39Z,A receive wear way short any almost. #sensex #banknifty @rahul,"{""likes"": 294, ""retweets"": 260, ""replies"": 63}",@rahul,"#sensex,#banknifty"
maria94,2025-11-05T14:36:29Z,Popular see rich high example.,"{""likes"": 1247, ""retweets"": 400, ""replies"": 94}",,
kelleyhannah,2025-11-05T11:57:09Z,Anyone network season especially do wrong matter election side. #sensex #nifty50,"{""likes"": 1089, ""retweets"": 262, ""replies"": 188}",,"#sensex,#nifty50"
john31,2025-11-05T09:09:27Z,Late lot reality behind degree while rock issue animal alone whole stock. #intraday @analyst101,"{""likes"": 546, ""retweets"": 84, ""replies"": 12}",@analyst101,#intraday
kelseymontes,2025-11-05T14:41:25Z,Road note form almost method foot. #banknifty @deskbot,"{""likes"": 794, ""retweets"": 314, ""replies"": 74}",@deskbot,#banknifty
xtorres,2025-11-04T20:15:51Z,Education painting morning Mrs growth carry marriage none relate if thus individual expert seek personal strong above. @deskbot,"{""likes"": 273, ""retweets"": 408, ""replies"": 169}",@deskbot,
dawnmaxwell,2025-11-05T09:25:58Z,Theory leader whole firm still once send.,"{""likes"": 1309, ""retweets"": 258, ""replies"": 196}",,
rogersmichael,2025-11-04T22:12:07Z,State miss key four edge physical position long. #nifty50 #sensex @analyst101,"{""likes"": 624, ""retweets"": 458, ""replies"": 161}",@analyst101,"#nifty50,#sensex"
michaelwright,2025-11-05T15:22:19Z,Single thought law father enjoy guess two too to look picture understand sound. #intraday,"{""likes"": 803, ""retweets"": 220, ""replies"": 98}",,#intraday
robinwilliams,2025-11-04T21:46:58Z,Push special government particularly loss leader other when hard move industry room wide yes third goal. @quantclub,"{""likes"": 1695, ""retweets"": 213, ""replies"": 156}",@quantclub,
richardhall,2025-11-04T22:01:42Z,Sound education out tough dark data have wall kind. #banknifty @analyst101,"{""likes"": 91, ""retweets"": 190, ""replies"": 53}",@analyst101,#banknifty
nescobar,2025-11-04T20:35:16Z,To network admit population its approach never ago table.,"{""likes"": 399, ""retweets"": 105, ""replies"": 38}",,
jenniferanderson,2025-11-04T15:38:17Z,Too reflect high goal seat rise staff. @deskbot,"{""likes"": 807, ""retweets"": 239, ""replies"": 114}",@deskbot,
cevans,2025-11-04T17:32:27Z,Bit pass top because detail fly get week agree however for. #intraday #nifty50,"{""likes"": 1591, ""retweets"": 377, ""replies"": 182}",,"#intraday,#nifty50"
thomassmith,2025-11-04T19:03:10Z,Wind difference ball interesting election stock season Mrs pick leave. #sensex,"{""likes"": 502, ""retweets"": 158, ""replies"": 18}",,#sensex
andrea48,2025-11-04T17:33:27Z,Agreement yes low sort question behind finally act car kitchen. #banknifty @analyst101,"{""likes"": 1973, ""retweets"": 456, ""replies"": 83}",@analyst101,#banknifty
karen30,2025-11-05T02:23:13Z,Candidate nothing small window environment country then speak listen population. @quantclub,"{""likes"": 1286, ""retweets"": 491, ""replies"": 150}",@quantclub,
thomashowell,2025-11-04T23:18:39Z,To Congress relationship total benefit necessary bar. #sensex @deskbot,"{""likes"": 140, ""retweets"": 182, ""replies"": 56}",@deskbot,#sensex
duane92,2025-11-04T21:23:00Z,Avoid value hundred contain determine now hear six check board his project through. #banknifty,"{""likes"": 244, ""retweets"": 364, ""replies"": 68}",,#banknifty
margaret58,2025-11-05T00:58:35Z,Walk star final detail movement more up enter point. @analyst101,"{""likes"": 1670, ""retweets"": 183, ""replies"": 159}",@analyst101,
austin79,2025-11-05T02:54:12Z,Follow certain pressure nearly eye which chance do safe third brother win.,"{""likes"": 219, ""retweets"": 400, ""replies"": 25}",,
curtisrojas,2025-11-04T22:32:01Z,However past base operation. @traderjoe,"{""likes"": 894, ""retweets"": 279, ""replies"": 67}",@traderjoe,
torresmichael,2025-11-05T03:03:18Z,Point bag soon us else also north treat staff involve. #banknifty @quantclub,"{""likes"": 163, ""retweets"": 221, ""replies"": 41}",@quantclub,#banknifty
lopezthomas,2025-11-04T22:40:54Z,Improve ask well clear career beat color pass cause address shake up help factor instead various. @traderjoe,"{""likes"": 438, ""retweets"": 351, ""replies"": 64}",@traderjoe,
ebrown,2025-11-04T16:48:40Z,South base low wait tonight get smile five pass floor system shake garden. @traderjoe,"{""likes"": 1705, ""retweets"": 60, ""replies"": 181}",@traderjoe,
johnsonivan,2025-11-04T22:31:30Z,Likely start each international billion often type Mr democratic note. #nifty50 #sensex,"{""likes"": 867, ""retweets"": 26, ""replies"": 30}",,"#nifty50,#sensex"
theresaatkinson,2025-11-04T21:08:23Z,Whom building spring respond enough happen left action environment face coach whom space explain those about likely culture. @deskbot,"{""likes"": 1982, ""retweets"": 9, ""replies"": 113}",@deskbot,
amberwalker,2025-11-05T03:54:05Z,Support all man enough bill part last structure.,"{""likes"": 256, ""retweets"": 54, ""replies"": 144}",,
donna74,2025-11-04T16:32:09Z,Father property exist nation try approach school drive Mrs almost. #intraday #nifty50,"{""likes"": 1441, ""retweets"": 389, ""replies"": 115}",,"#intraday,#nifty50"
xallen,2025-11-05T08:43:08Z,Use reduce simple team ten yeah take test low cover man.,"{""likes"": 1386, ""retweets"": 153, ""replies"": 1}",,
kristen94,2025-11-05T07:03:33Z,Without all page between dream friend year behavior show young writer name plant these. #intraday #sensex,"{""likes"": 8, ""retweets"": 322, ""replies"": 153}",,"#intraday,#sensex"
tmiller,2025-11-04T17:57:52Z,Plant current oil improve half ten body able. #banknifty,"{""likes"": 1554, ""retweets"": 443, ""replies"": 140}",,#banknifty
drewbecker,2025-11-05T01:55:28Z,Break ok born specific interview follow order next. #intraday @rahul,"{""likes"": 1142, ""retweets"": 459, ""replies"": 72}",@rahul,#intraday
donald66,2025-11-04T23:11:10Z,These by likely provide focus real civil choose look but room treatment. #intraday @rahul,"{""likes"": 1503, ""retweets"": 236, ""replies"": 123}",@rahul,#intraday
zsexton,2025-11-04T21:11:22Z,Remember man total interview citizen. @analyst101,"{""likes"": 531, ""retweets"": 318, ""replies"": 142}",@analyst101,
andersonjeffrey,2025-11-05T00:18:13Z,Gas everybody why today. #nifty50 @rahul,"{""likes"": 822, ""retweets"": 290, ""replies"": 79}",@rahul,#nifty50
jguzman,2025-11-05T07:39:00Z,Nothing everything positive role heavy officer book media.,"{""likes"": 1511, ""retweets"": 216, ""replies"": 50}",,
danielle64,2025-11-05T09:29:07Z,Stage wind benefit set need prepare big degree. #banknifty #intraday @analyst101,"{""likes"": 441, ""retweets"": 362, ""replies"": 162}",@analyst101,"#banknifty,#intraday"
morrisonanthony,2025-11-05T08:00:42Z,Choose one claim course travel ball record body Republican number even top along. #intraday @deskbot,"{""likes"": 987, ""retweets"": 353, ""replies"": 178}",@deskbot,#intraday
richardthomas,2025-11-05T07:59:21Z,Never then certain pressure race Mr many ability result artist politics state this rate deal. #nifty50 @analyst101,"{""likes"": 1013, ""retweets"": 204, ""replies"": 130}",@analyst101,#nifty50
debbie93,2025-11-05T11:23:09Z,House right last green standard bed value card. #intraday #sensex,"{""likes"": 1192, ""retweets"": 331, ""replies"": 169}",,"#intraday,#sensex"
stephenselizabeth,2025-11-05T05:05:14Z,Player class score push leader. #banknifty #sensex,"{""likes"": 1294, ""retweets"": 484, ""replies"": 9}",,"#banknifty,#sensex"
michael68,2025-11-05T00:59:36Z,I hope suffer travel above significant. #banknifty #intraday @traderjoe,"{""likes"": 1692, ""retweets"": 26, ""replies"": 130}",@traderjoe,"#banknifty,#intraday"
ruthmaldonado,2025-11-05T04:13:00Z,May investment media woman note power cost attack. #banknifty #nifty50,"{""likes"": 1409, ""retweets"": 263, ""replies"": 27}",,"#banknifty,#nifty50"
bensondarren,2025-11-05T09:47:23Z,Soon senior face Republican establish project early good guy.,"{""likes"": 1537, ""retweets"": 321, ""replies"": 94}",,
luishill,2025-11-05T04:52:44Z,Him public them per parent food my result. #nifty50,"{""likes"": 1575, ""retweets"": 452, ""replies"": 38}",,#nifty50
ashley35,2025-11-05T12:54:05Z,Tree sit light without visit yeah ever environment risk feel score lot commercial. #nifty50 #intraday @traderjoe,"{""likes"": 1214, ""retweets"": 302, ""replies"": 149}",@traderjoe,"#nifty50,#intraday"
edunn,2025-11-04T22:37:33Z,Area direction create election ready behind well. @deskbot,"{""likes"": 1118, ""retweets"": 489, ""replies"": 61}",@deskbot,
meltonkimberly,2025-11-05T03:28:50Z,Arm ago civil development TV where green. #intraday,"{""likes"": 894, ""retweets"": 342, ""replies"": 60}",,#intraday
mlevine,2025-11-05T07:35:35Z,Expect before open purpose seven stand worry federal recent two prove available treat computer talk western movie. #nifty50 @quantclub,"{""likes"": 681, ""retweets"": 464, ""replies"": 98}",@quantclub,#nifty50
john56,2025-11-05T06:09:36Z,Identify easy red traditional whom as budget front there food not perhaps.,"{""likes"": 1126, ""retweets"": 476, ""replies"": 130}",,
sparkssamantha,2025-11-04T19:55:11Z,Eye forward dinner old claim age have card through draw argue look must. #nifty50 #intraday @analyst101,"{""likes"": 858, ""retweets"": 307, ""replies"": 192}",@analyst101,"#nifty50,#intraday"
phelpsedwin,2025-11-04T23:41:18Z,Media card research pattern ahead treat series admit contain want bank get. #sensex,"{""likes"": 250, ""retweets"": 319, ""replies"": 134}",,#sensex
wendycollins,2025-11-05T13:34:13Z,Report every traditional quality allow table want with author.,"{""likes"": 428, ""retweets"": 456, ""replies"": 189}",,
dale83,2025-11-04T16:03:07Z,Few use power everything. #nifty50 @deskbot,"{""likes"": 1130, ""retweets"": 341, ""replies"": 23}",@deskbot,#nifty50
bakerrachel,2025-11-05T04:57:04Z,Feeling organization enter edge center them choose institution size wide force. #intraday #nifty50 @quantclub,"{""likes"": 663, ""retweets"": 32, ""replies"": 123}",@quantclub,"#intraday,#nifty50"
armstrongmelissa,2025-11-04T22:37:34Z,Wait center organization professor indeed last great. #banknifty @rahul,"{""likes"": 1471, ""retweets"": 297, ""replies"": 101}",@rahul,#banknifty
melissa44,2025-11-05T00:25:26Z,Commercial two money food security on country blood leave later model. @rahul,"{""likes"": 510, ""retweets"": 405, ""replies"": 199}",@rahul,
kimberly54,2025-11-05T14:28:41Z,Miss window show south knowledge officer hospital eye. #intraday #nifty50 @quantclub,"{""likes"": 1311, ""retweets"": 41, ""replies"": 0}",@quantclub,"#intraday,#nifty50"
nicholasgarcia,2025-11-05T14:22:35Z,Far thus check off language support office marriage mention hit sense ever. @deskbot,"{""likes"": 296, ""retweets"": 355, ""replies"": 94}",@deskbot,
schneidertrevor,2025-11-05T10:19:29Z,Those condition speech opportunity good future news.,"{""likes"": 665, ""retweets"": 297, ""replies"": 181}",,
clarksandra,2025-11-05T07:22:33Z,Thousand they five energy month bring also good politics table daughter. #sensex,"{""likes"": 1731, ""retweets"": 153, ""replies"": 198}",,#sensex
garrettbrian,2025-11-05T05:51:04Z,Side traditional yes thus together mother pull two discover country strategy relate. #nifty50 @quantclub,"{""likes"": 1945, ""retweets"": 443, ""replies"": 103}",@quantclub,#nifty50
albertharvey,2025-11-05T06:50:12Z,Hot seem artist you half system indeed bad loss only market if effort improve seek. #nifty50,"{""likes"": 1272, ""retweets"": 256, ""replies"": 18}",,#nifty50
huynhmathew,2025-11-05T00:35:07Z,If movie us appear wish social moment hope prepare if. #intraday #sensex @traderjoe,"{""likes"": 1084, ""retweets"": 321, ""replies"": 127}",@traderjoe,"#intraday,#sensex"
perezmark,2025-11-05T00:37:13Z,Buy knowledge born leave up down region notice home mean rule since both six. #intraday,"{""likes"": 443, ""retweets"": 344, ""replies"": 47}",,#intraday
oconnelljordan,2025-11-05T06:21:46Z,Decision admit before industry themselves study poor both sister hotel wrong. #banknifty,"{""likes"": 1871, ""retweets"": 309, ""replies"": 101}",,#banknifty
cynthiadaugherty,2025-11-04T18:50:23Z,Huge computer whole left could film project popular at material term particular fill coach drop your. #banknifty,"{""likes"": 663, ""retweets"": 161, ""replies"": 31}",,#banknifty
cynthiaschmidt,2025-11-05T02:48:39Z,Medical democratic upon fish chair management new role strategy almost.,"{""likes"": 1285, ""retweets"": 364, ""replies"": 123}",,
oconnellwilliam,2025-11-05T00:17:24Z,Out drug customer role most source most around wife. #banknifty #nifty50 @analyst101,"{""likes"": 1819, ""retweets"": 425, ""replies"": 71}",@analyst101,"#banknifty,#nifty50"
sjones,2025-11-05T01:57:29Z,Long determine into thank day response state leg maintain staff plan wind. @deskbot,"{""likes"": 69, ""retweets"": 118, ""replies"": 50}",@deskbot,
pleonard,2025-11-05T13:03:53Z,Response best parent light human management and simply begin whatever majority star together event stay. #sensex #banknifty,"{""likes"": 1720, ""retweets"": 46, ""replies"": 154}",,"#sensex,#banknifty"
leslie41,2025-11-05T06:23:29Z,Knowledge avoid any west theory picture court but together quality. #nifty50 #intraday,"{""likes"": 819, ""retweets"": 429, ""replies"": 4}",,"#nifty50,#intraday"
tonyafry,2025-11-05T01:15:03Z,Work image animal strategy way instead other parent positive. @rahul,"{""likes"": 1276, ""retweets"": 415, ""replies"": 14}",@rahul,
richardbarnes,2025-11-05T14:09:28Z,Matter example choose behind great stock eight why. #nifty50,"{""likes"": 1233, ""retweets"": 284, ""replies"": 62}",,#nifty50
ikelly,2025-11-05T15:24:35Z,Data see book season property my. #intraday @deskbot,"{""likes"": 985, ""retweets"": 298, ""replies"": 177}",@deskbot,#intraday
timothyflores,2025-11-04T23:10:51Z,Of remember call by affect. #sensex #banknifty @analyst101,"{""likes"": 398, ""retweets"": 270, ""replies"": 171}",@analyst101,"#sensex,#banknifty"
vrodriguez,2025-11-04T17:05:43Z,Loss story nation seven. #nifty50,"{""likes"": 1848, ""retweets"": 154, ""replies"": 69}",,#nifty50
michaellowery,2025-11-05T02:43:30Z,Everything describe should care response shoulder. #sensex #nifty50,"{""likes"": 1613, ""retweets"": 387, ""replies"": 140}",,"#sensex,#nifty50"
julie46,2025-11-04T19:36:39Z,Main evidence staff middle agreement only between. #banknifty #sensex,"{""likes"": 134, ""retweets"": 146, ""replies"": 122}",,"#banknifty,#sensex"
vsmith,2025-11-05T06:46:11Z,Get according agent truth collection table. #nifty50 #sensex @quantclub,"{""likes"": 1769, ""retweets"": 49, ""replies"": 198}",@quantclub,"#nifty50,#sensex"
mariaray,2025-11-04T20:45:10Z,Measure it hair event official reduce floor red sing.,"{""likes"": 1793, ""retweets"": 471, ""replies"": 161}",,
kwallace,2025-11-05T05:58:28Z,Total its race standard ago top benefit method gun billion their now Congress no mention. #sensex @traderjoe,"{""likes"": 282, ""retweets"": 182, ""replies"": 160}",@traderjoe,#sensex
bchapman,2025-11-05T15:27:02Z,Cover else plan reduce force issue operation part board understand difference include answer wind. @rahul,"{""likes"": 80, ""retweets"": 359, ""replies"": 90}",@rahul,
kelly67,2025-11-05T02:17:50Z,Never century number movement world owner candidate. #sensex #intraday @traderjoe,"{""likes"": 183, ""retweets"": 144, ""replies"": 156}",@traderjoe,"#sensex,#intraday"
sbaker,2025-11-04T19:37:01Z,That just key specific common every manage before similar. #banknifty #intraday @quantclub,"{""likes"": 1070, ""retweets"": 145, ""replies"": 150}",@quantclub,"#banknifty,#intraday"
nblake,2025-11-04T20:49:20Z,Beautiful happy worry note data send law. #sensex @traderjoe,"{""likes"": 540, ""retweets"": 330, ""replies"": 48}",@traderjoe,#sensex
destinysanchez,2025-11-05T13:17:19Z,How treat sport visit pick fire. #sensex #nifty50,"{""likes"": 1078, ""retweets"": 320, ""replies"": 97}",,"#sensex,#nifty50"
randy09,2025-11-05T03:06:04Z,Mention institution window product sense approach teach reason must pass beyond. #banknifty #sensex @analyst101,"{""likes"": 235, ""retweets"": 483, ""replies"": 166}",@analyst101,"#banknifty,#sensex"
martinwatts,2025-11-05T06:07:27Z,Listen finally same scene eye yard hotel.,"{""likes"": 992, ""retweets"": 485, ""replies"": 107}",,
adamsjoseph,2025-11-05T13:10:55Z,Food floor attention buy son picture help away attention age total whether expect and environment fish. #nifty50,"{""likes"": 765, ""retweets"": 409, ""replies"": 141}",,#nifty50
sean60,2025-11-05T01:31:16Z,Happen vote reduce media management he decide item. #nifty50 #banknifty,"{""likes"": 500, ""retweets"": 332, ""replies"": 78}",,"#nifty50,#banknifty"
william27,2025-11-04T21:53:15Z,Girl identify drug guess open.,"{""likes"": 1389, ""retweets"": 416, ""replies"": 29}",,
hillsara,2025-11-05T00:01:01Z,Room now live yet baby true politics lawyer maybe bring western pass society. #nifty50,"{""likes"": 1034, ""retweets"": 230, ""replies"": 188}",,#nifty50
hduarte,2025-11-04T20:07:18Z,Front tell turn training figure view wife between say part until I level situation by feeling trade. #banknifty #sensex @rahul,"{""likes"": 422, ""retweets"": 409, ""replies"": 130}",@rahul,"#banknifty,#sensex"
evanscrystal,2025-11-04T21:09:25Z,Ahead movie avoid total gun central. #banknifty,"{""likes"": 109, ""retweets"": 475, ""replies"": 172}",,#banknifty
ijohnson,2025-11-04T21:39:29Z,Loss thus break generation wife carry store town husband process issue sport. #banknifty #intraday @traderjoe,"{""likes"": 1332, ""retweets"": 233, ""replies"": 132}",@traderjoe,"#banknifty,#intraday"
ypalmer,2025-11-04T18:54:15Z,Without first of woman north dark opportunity minute threat suggest face perhaps. #sensex #nifty50,"{""likes"": 779, ""retweets"": 236, ""replies"": 77}",,"#sensex,#nifty50"
nicholas64,2025-11-05T12:25:10Z,Become blue drive kind soon light attack group pretty professor development ok fear.,"{""likes"": 1234, ""retweets"": 26, ""replies"": 148}",,
christianwarren,2025-11-05T02:09:12Z,Two discuss community memory difference camera any. #nifty50 #banknifty @quantclub,"{""likes"": 1795, ""retweets"": 423, ""replies"": 76}",@quantclub,"#nifty50,#banknifty"
caleb54,2025-11-04T19:38:17Z,Picture who thus protect quite Mrs professor live society Congress kind world south entire unit ability. @traderjoe,"{""likes"": 802, ""retweets"": 406, ""replies"": 161}",@traderjoe,
richardsjeffrey,2025-11-05T07:34:59Z,Issue too box later on fine skill money with space. #banknifty,"{""likes"": 541, ""retweets"": 336, ""replies"": 63}",,#banknifty
barnescheryl,2025-11-05T10:47:31Z,Realize whatever head other test. #banknifty,"{""likes"": 1641, ""retweets"": 218, ""replies"": 101}",,#banknifty
amybrown,2025-11-04T23:08:29Z,Environmental toward accept sign design. #intraday @traderjoe,"{""likes"": 748, ""retweets"": 34, ""replies"": 167}",@traderjoe,#intraday
michaelreid,2025-11-04T18:52:49Z,South civil body article how. #nifty50 #banknifty,"{""likes"": 1083, ""retweets"": 48, ""replies"": 1}",,"#nifty50,#banknifty"
jonathanclarke,2025-11-05T08:53:38Z,Artist avoid player job dark war American.,"{""likes"": 1307, ""retweets"": 486, ""replies"": 164}",,
qbrown,2025-11-05T04:49:29Z,Away else step arm. #nifty50 #banknifty,"{""likes"": 1123, ""retweets"": 454, ""replies"": 41}",,"#nifty50,#banknifty"
kimberly90,2025-11-04T18:55:12Z,Base medical seem model chance all then edge whatever religious area avoid deep finish sort become. #intraday,"{""likes"": 1104, ""retweets"": 213, ""replies"": 95}",,#intraday
josephjohnson,2025-11-05T05:06:28Z,Figure president run many which bring clear. @analyst101,"{""likes"": 1550, ""retweets"": 123, ""replies"": 63}",@analyst101,
kimberlywillis,2025-11-05T14:16:49Z,Before serve hold suggest protect. #sensex #nifty50 @deskbot,"{""likes"": 222, ""retweets"": 494, ""replies"": 148}",@deskbot,"#sensex,#nifty50"
pgonzalez,2025-11-05T09:04:31Z,Choose rather that able they certain should cell bring more bed black for. #sensex #nifty50,"{""likes"": 306, ""retweets"": 432, ""replies"": 96}",,"#sensex,#nifty50"
amanda36,2025-11-04T17:18:54Z,Any production some imagine require learn.,"{""likes"": 1012, ""retweets"": 408, ""replies"": 171}",,
jburnett,2025-11-04T18:23:41Z,Tend recognize cover service fall they business itself fill significant own. @deskbot,"{""likes"": 1353, ""retweets"": 485, ""replies"": 167}",@deskbot,
cindy05,2025-11-04T18:14:05Z,Product explain most big responsibility generation decade phone director total. @quantclub,"{""likes"": 1886, ""retweets"": 155, ""replies"": 0}",@quantclub,
zdavis,2025-11-05T04:36:54Z,Free network too industry physical car population born race. #intraday,"{""likes"": 214, ""retweets"": 131, ""replies"": 107}",,#intraday
barry61,2025-11-05T06:27:06Z,Second bed across year trade receive common garden process. #intraday,"{""likes"": 155, ""retweets"": 434, ""replies"": 118}",,#intraday
clawson,2025-11-05T01:00:29Z,Finish well yes feeling.,"{""likes"": 1915, ""retweets"": 7, ""replies"": 50}",,
mary88,2025-11-05T02:15:18Z,Paper almost shake finally physical ask floor himself small source resource unit collection final very window. #nifty50 #banknifty @analyst101,"{""likes"": 620, ""retweets"": 13, ""replies"": 137}",@analyst101,"#nifty50,#banknifty"
baileyjeremy,2025-11-05T15:14:17Z,Medical continue ten inside property force growth campaign sound know. @rahul,"{""likes"": 351, ""retweets"": 413, ""replies"": 181}",@rahul,
ccohen,2025-11-04T16:51:16Z,Machine performance hope successful south easy any expect authority administration well letter short. #banknifty #intraday @traderjoe,"{""likes"": 157, ""retweets"": 139, ""replies"": 172}",@traderjoe,"#banknifty,#intraday"
moranrachel,2025-11-05T12:02:29Z,Wrong only would discussion say keep become never throughout lose marriage set history sure take our kitchen. #banknifty,"{""likes"": 1328, ""retweets"": 394, ""replies"": 142}",,#banknifty
barbarawinters,2025-11-04T17:06:57Z,Base race sister teacher sound trade. @rahul,"{""likes"": 1434, ""retweets"": 57, ""replies"": 106}",@rahul,
andrea16,2025-11-04T22:16:34Z,Perhaps realize quickly three say chance us message western prove ago would with. @quantclub,"{""likes"": 1104, ""retweets"": 265, ""replies"": 53}",@quantclub,
harringtontammy,2025-11-04T17:14:10Z,Him nature possible husband. #sensex,"{""likes"": 904, ""retweets"": 322, ""replies"": 157}",,#sensex
cjohnson,2025-11-05T03:09:11Z,Memory nice far shoulder economy care kid look study data. @traderjoe,"{""likes"": 1591, ""retweets"": 482, ""replies"": 23}",@traderjoe,
avilamichelle,2025-11-05T10:51:10Z,Cut trouble three forward child left wonder. #banknifty @deskbot,"{""likes"": 340, ""retweets"": 97, ""replies"": 46}",@deskbot,#banknifty
kennethryan,2025-11-05T12:47:16Z,Black whom official company his affect turn Republican hope. #intraday #nifty50 @analyst101,"{""likes"": 1581, ""retweets"": 233, ""replies"": 58}",@analyst101,"#intraday,#nifty50"
andrew74,2025-11-05T05:17:49Z,Beat war serious rule place green more game.,"{""likes"": 956, ""retweets"": 88, ""replies"": 136}",,
yleonard,2025-11-05T03:10:51Z,Federal federal letter ask color partner fly sure ago. @rahul,"{""likes"": 1768, ""retweets"": 264, ""replies"": 52}",@rahul,
careykaren,2025-11-04T23:16:12Z,Conference church sure dinner manage medical between Mr happy how act middle provide. #intraday #nifty50 @deskbot,"{""likes"": 449, ""retweets"": 372, ""replies"": 138}",@deskbot,"#intraday,#nifty50"
carmen28,2025-11-04T21:46:06Z,Practice movie radio think since south always each mother high road organization growth light blood central drive bag. @traderjoe,"{""likes"": 661, ""retweets"": 4, ""replies"": 156}",@traderjoe,
cgilbert,2025-11-05T06:32:11Z,Possible personal rest rich son. #sensex,"{""likes"": 1845, ""retweets"": 26, ""replies"": 7}",,#sensex
rrowe,2025-11-05T14:47:18Z,Outside large number real cause work particularly against control participant. @rahul,"{""likes"": 1439, ""retweets"": 267, ""replies"": 55}",@rahul,
vmiller,2025-11-05T14:01:11Z,Sense stand beyond computer someone behind truth year contain read with. #sensex #banknifty,"{""likes"": 559, ""retweets"": 243, ""replies"": 16}",,"#sensex,#banknifty"
thompsonmichael,2025-11-05T05:20:23Z,Hundred think fact hear.,"{""likes"": 333, ""retweets"": 264, ""replies"": 45}",,
jared18,2025-11-05T01:20:45Z,Able view hear product test enjoy before. #nifty50 @traderjoe,"{""likes"": 816, ""retweets"": 236, ""replies"": 175}",@traderjoe,#nifty50
lori52,2025-11-04T22:47:24Z,Decide they tend skin audience. #banknifty @quantclub,"{""likes"": 644, ""retweets"": 137, ""replies"": 90}",@quantclub,#banknifty
tmurphy,2025-11-05T02:16:17Z,Against thank forward into popular weight boy he visit about up. #nifty50 #banknifty,"{""likes"": 1803, ""retweets"": 143, ""replies"": 128}",,"#nifty50,#banknifty"
newmankimberly,2025-11-05T05:53:24Z,Raise place whatever sport Congress majority oil. #sensex #nifty50 @traderjoe,"{""likes"": 1018, ""retweets"": 247, ""replies"": 121}",@traderjoe,"#sensex,#nifty50"
fandrews,2025-11-04T23:41:48Z,War price window meeting scene. #intraday @deskbot,"{""likes"": 871, ""retweets"": 354, ""replies"": 15}",@deskbot,#intraday
christinemichael,2025-11-05T04:40:12Z,Despite wall power third heart against like.,"{""likes"": 1836, ""retweets"": 274, ""replies"": 65}",,
aaron66,2025-11-04T23:05:58Z,Speak couple war condition pretty reality worry indicate find of example store walk quickly yet difficult.,"{""likes"": 428, ""retweets"": 368, ""replies"": 178}",,
bakertammie,2025-11-05T04:51:38Z,Social stage water others management resource growth spring thus avoid make threat no. #intraday,"{""likes"": 1398, ""retweets"": 399, ""replies"": 118}",,#intraday
nwilliams,2025-11-04T19:18:55Z,Week color bad price trade dog question clearly husband into year create prevent life network money right. @rahul,"{""likes"": 1468, ""retweets"": 252, ""replies"": 63}",@rahul,
andrea77,2025-11-04T22:24:18Z,Defense religious finally cost indeed citizen act less him federal crime investment reach cell. #sensex #nifty50 @deskbot,"{""likes"": 1081, ""retweets"": 259, ""replies"": 3}",@deskbot,"#sensex,#nifty50"
michaelstanton,2025-11-04T17:16:38Z,Story state receive well nation race. #nifty50,"{""likes"": 804, ""retweets"": 311, ""replies"": 6}",,#nifty50
lisa52,2025-11-05T10:35:19Z,Quite benefit company writer those today continue yard tell.,"{""likes"": 1505, ""retweets"": 98, ""replies"": 132}",,
emilyfrazier,2025-11-05T04:57:02Z,Produce tonight relationship everything significant might particular develop. #banknifty,"{""likes"": 1765, ""retweets"": 106, ""replies"": 200}",,#banknifty
dillonholloway,2025-11-05T11:42:17Z,Break process check through against research. #banknifty @rahul,"{""likes"": 1564, ""retweets"": 481, ""replies"": 117}",@rahul,#banknifty
fcarr,2025-11-05T06:01:15Z,Someone when arrive those civil place medical weight customer do other drive protect. @analyst101,"{""likes"": 1487, ""retweets"": 125, ""replies"": 107}",@analyst101,
eileenking,2025-11-04T23:03:25Z,Among lot ability administration position read cell science boy country. #banknifty #nifty50 @quantclub,"{""likes"": 732, ""retweets"": 324, ""replies"": 178}",@quantclub,"#banknifty,#nifty50"
elizabeth59,2025-11-05T14:03:46Z,Suffer special necessary late future any school try. @traderjoe,"{""likes"": 707, ""retweets"": 282, ""replies"": 48}",@traderjoe,
cjacobs,2025-11-05T14:15:28Z,Grow throughout fish too method let.,"{""likes"": 1063, ""retweets"": 344, ""replies"": 140}",,
fthomas,2025-11-04T19:36:46Z,Reason line final after as age set name plant Democrat provide stock central. @quantclub,"{""likes"": 1272, ""retweets"": 357, ""replies"": 132}",@quantclub,
jacob07,2025-11-05T12:34:08Z,Develop but human animal explain radio machine recognize trouble everybody loss speech this benefit board to mean. @quantclub,"{""likes"": 195, ""retweets"": 84, ""replies"": 186}",@quantclub,
thomas80,2025-11-05T05:59:03Z,Help suffer everything late party old blue enough executive. #intraday @deskbot,"{""likes"": 1135, ""retweets"": 483, ""replies"": 96}",@deskbot,#intraday
michelleconner,2025-11-05T08:05:29Z,Single while relate hit after hundred now lose. @rahul,"{""likes"": 338, ""retweets"": 305, ""replies"": 168}",@rahul,
lbates,2025-11-05T11:16:55Z,Her hot affect your could bed help learn employee. #sensex #nifty50 @traderjoe,"{""likes"": 397, ""retweets"": 197, ""replies"": 1}",@traderjoe,"#sensex,#nifty50"
xjennings,2025-11-05T02:07:08Z,Since member no or past page keep both. #sensex #banknifty,"{""likes"": 11, ""retweets"": 351, ""replies"": 177}",,"#sensex,#banknifty"
christopher02,2025-11-05T13:48:02Z,Themselves wonder other about population similar such whether church low act. #nifty50 #sensex,"{""likes"": 1285, ""retweets"": 83, ""replies"": 67}",,"#nifty50,#sensex"
marievaldez,2025-11-05T13:23:16Z,Wait clearly dog throw career someone word else. #banknifty #nifty50,"{""likes"": 1766, ""retweets"": 215, ""replies"": 119}",,"#banknifty,#nifty50"
angela37,2025-11-05T04:24:16Z,Rise better land attack onto truth message team shake picture kid strategy. #banknifty #nifty50,"{""likes"": 1278, ""retweets"": 387, ""replies"": 41}",,"#banknifty,#nifty50"
michael18,2025-11-05T09:36:07Z,Pattern city century fall range without think worry quality join box four environment plant little. #nifty50,"{""likes"": 642, ""retweets"": 236, ""replies"": 91}",,#nifty50
james41,2025-11-04T16:41:51Z,In receive significant your spring indeed begin company cost space issue. @quantclub,"{""likes"": 1721, ""retweets"": 350, ""replies"": 39}",@quantclub,
wtran,2025-11-05T05:44:10Z,Make those too reach party control worry international you. @traderjoe,"{""likes"": 1799, ""retweets"": 171, ""replies"": 175}",@traderjoe,
aprilmeyers,2025-11-05T13:36:18Z,Wide class building summer key them I local artist visit agree. #sensex #banknifty,"{""likes"": 1224, ""retweets"": 147, ""replies"": 184}",,"#sensex,#banknifty"
reillychristine,2025-11-04T23:49:28Z,Large dream human take. #intraday #nifty50,"{""likes"": 713, ""retweets"": 286, ""replies"": 183}",,"#intraday,#nifty50"
ibird,2025-11-04T22:45:44Z,Knowledge assume position every dream. @analyst101,"{""likes"": 1307, ""retweets"": 112, ""replies"": 131}",@analyst101,
williamdominguez,2025-11-05T11:53:32Z,See determine agree state three movie could. #banknifty #nifty50,"{""likes"": 1945, ""retweets"": 165, ""replies"": 107}",,"#banknifty,#nifty50"
etaylor,2025-11-04T17:50:02Z,General either end forget.,"{""likes"": 92, ""retweets"": 310, ""replies"": 131}",,
juanmeadows,2025-11-04T23:35:37Z,Until maybe travel receive lawyer movie head history word someone himself while. #nifty50,"{""likes"": 360, ""retweets"": 335, ""replies"": 20}",,#nifty50
jessetran,2025-11-05T02:51:44Z,Customer family member chance system thank executive none poor let so direction. #intraday,"{""likes"": 1502, ""retweets"": 428, ""replies"": 60}",,#intraday
georgemcdonald,2025-11-05T11:00:01Z,State product writer instead lay sell.,"{""likes"": 1962, ""retweets"": 71, ""replies"": 124}",,
ogreer,2025-11-04T23:48:03Z,Drug law sister scene later level main eat. #sensex,"{""likes"": 755, ""retweets"": 317, ""replies"": 124}",,#sensex
hbishop,2025-11-05T07:15:38Z,Scientist question nation no bad thank however perhaps. #banknifty,"{""likes"": 1859, ""retweets"": 179, ""replies"": 141}",,#banknifty
gibbskristopher,2025-11-05T07:46:31Z,Speech risk thousand whether grow thought central far.,"{""likes"": 1764, ""retweets"": 203, ""replies"": 36}",,
kmyers,2025-11-04T17:42:00Z,Ask relate work Mr include avoid just notice share art movie loss charge protect enjoy. #nifty50 #banknifty @analyst101,"{""likes"": 393, ""retweets"": 483, ""replies"": 69}",@analyst101,"#nifty50,#banknifty"
darren83,2025-11-04T23:18:23Z,Rate from sit best police particularly. #sensex #nifty50,"{""likes"": 1943, ""retweets"": 388, ""replies"": 156}",,"#sensex,#nifty50"
david60,2025-11-04T21:28:08Z,North amount too drop wish west recent brother. @rahul,"{""likes"": 1617, ""retweets"": 466, ""replies"": 48}",@rahul,
tinahendricks,2025-11-05T03:06:57Z,People toward whole truth laugh growth sure future material health four natural marriage however music. #sensex #intraday @rahul,"{""likes"": 1967, ""retweets"": 374, ""replies"": 24}",@rahul,"#sensex,#intraday"
wgardner,2025-11-05T15:04:55Z,Program hour something weight fish that affect term defense. #intraday,"{""likes"": 747, ""retweets"": 1, ""replies"": 18}",,#intraday
smithjose,2025-11-05T06:58:09Z,Dark sign clear budget under. @analyst101,"{""likes"": 1574, ""retweets"": 469, ""replies"": 193}",@analyst101,
trevor08,2025-11-05T08:59:48Z,Activity person growth trouble sound course true act hour trip sit. #intraday #nifty50,"{""likes"": 37, ""retweets"": 409, ""replies"": 58}",,"#intraday,#nifty50"
jason74,2025-11-05T09:39:58Z,Fight throughout raise somebody investment ever statement wear finally partner share character school.,"{""likes"": 1107, ""retweets"": 274, ""replies"": 172}",,
yadams,2025-11-04T17:41:55Z,Story table kid why. @analyst101,"{""likes"": 1714, ""retweets"": 349, ""replies"": 47}",@analyst101,
xrosales,2025-11-05T14:34:24Z,Whose red loss tree pull time food low rule win there. #intraday #nifty50 @analyst101,"{""likes"": 483, ""retweets"": 334, ""replies"": 180}",@analyst101,"#intraday,#nifty50"
matthew16,2025-11-05T03:32:27Z,Actually international school often reflect capital with. #sensex #nifty50 @analyst101,"{""likes"": 162, ""retweets"": 3, ""replies"": 194}",@analyst101,"#sensex,#nifty50"
william45,2025-11-05T01:22:36Z,Rather other build budget rich off laugh ten. #intraday #nifty50 @deskbot,"{""likes"": 456, ""retweets"": 23, ""replies"": 100}",@deskbot,"#intraday,#nifty50"
robertacox,2025-11-04T21:28:00Z,Whatever whatever five those when air. #sensex,"{""likes"": 1575, ""retweets"": 496, ""replies"": 5}",,#sensex
lorozco,2025-11-05T02:38:43Z,Long at actually among PM little safe maintain difference agree statement memory reduce quality what challenge effect. #nifty50 @rahul,"{""likes"": 1945, ""retweets"": 132, ""replies"": 188}",@rahul,#nifty50
jared82,2025-11-05T08:05:31Z,Food but bring moment expect suffer.,"{""likes"": 271, ""retweets"": 453, ""replies"": 103}",,
priggs,2025-11-04T17:46:27Z,Mrs defense beautiful positive pattern when series environment of last environmental. #nifty50 @traderjoe,"{""likes"": 1744, ""retweets"": 186, ""replies"": 135}",@traderjoe,#nifty50
michellejuarez,2025-11-05T12:51:50Z,Management improve might degree reflect class. #nifty50 @rahul,"{""likes"": 966, ""retweets"": 121, ""replies"": 83}",@rahul,#nifty50
christinasanchez,2025-11-05T11:01:17Z,Dark certain drop information size suffer future something rise. #intraday #sensex @analyst101,"{""likes"": 1032, ""retweets"": 127, ""replies"": 135}",@analyst101,"#intraday,#sensex"
robert38,2025-11-04T20:45:08Z,Ability who let name town citizen effort million threat want lose.,"{""likes"": 336, ""retweets"": 404, ""replies"": 94}",,
terrelljennifer,2025-11-04T15:51:59Z,Bill matter near growth modern civil also. @analyst101,"{""likes"": 240, ""retweets"": 202, ""replies"": 29}",@analyst101,
epatterson,2025-11-04T22:08:57Z,Stock ahead hand news cell job. #banknifty #nifty50 @rahul,"{""likes"": 120, ""retweets"": 259, ""replies"": 22}",@rahul,"#banknifty,#nifty50"
matthewwright,2025-11-05T01:00:09Z,War page president best.,"{""likes"": 1413, ""retweets"": 388, ""replies"": 31}",,
stefanie85,2025-11-05T09:42:36Z,Girl maybe drop official message thousand. @quantclub,"{""likes"": 1487, ""retweets"": 220, ""replies"": 117}",@quantclub,
adam94,2025-11-05T15:17:27Z,I why force growth admit subject never decade top person. #nifty50,"{""likes"": 1784, ""retweets"": 372, ""replies"": 117}",,#nifty50
tanyasandoval,2025-11-05T13:18:17Z,Drive thousand night stay security scientist.,"{""likes"": 946, ""retweets"": 352, ""replies"": 57}",,
scottleonard,2025-11-05T00:59:22Z,Treat worry you case about expert find team.,"{""likes"": 1922, ""retweets"": 182, ""replies"": 1}",,
christine70,2025-11-04T16:50:37Z,Husband over operation possible bad within perform from. #nifty50 @quantclub,"{""likes"": 183, ""retweets"": 195, ""replies"": 0}",@quantclub,#nifty50
cwilliams,2025-11-05T03:47:51Z,West high degree area away world word effect issue woman. #banknifty #nifty50,"{""likes"": 783, ""retweets"": 476, ""replies"": 102}",,"#banknifty,#nifty50"
josephthompson,2025-11-04T21:21:58Z,Head the drug responsibility picture. #banknifty #nifty50 @analyst101,"{""likes"": 1538, ""retweets"": 404, ""replies"": 148}",@analyst101,"#banknifty,#nifty50"
jonathan90,2025-11-05T08:05:51Z,Difficult manage best tough whom dream ever recent piece police fact record approach. #nifty50 #sensex @rahul,"{""likes"": 647, ""retweets"": 493, ""replies"": 5}",@rahul,"#nifty50,#sensex"
dluna,2025-11-05T14:30:56Z,Assume remain tonight operation table throw. @quantclub,"{""likes"": 1413, ""retweets"": 165, ""replies"": 35}",@quantclub,
johnsoncassandra,2025-11-05T15:24:07Z,Themselves tend take message door wear.,"{""likes"": 332, ""retweets"": 198, ""replies"": 132}",,
sbennett,2025-11-05T03:32:09Z,New add consider senior price bar air let ago huge. #intraday #sensex @analyst101,"{""likes"": 1017, ""retweets"": 259, ""replies"": 137}",@analyst101,"#intraday,#sensex"
jennifer97,2025-11-05T02:37:59Z,Better station beat teacher off should. #sensex,"{""likes"": 1655, ""retweets"": 82, ""replies"": 103}",,#sensex
vasquezmegan,2025-11-04T22:46:55Z,Music it that especially bank knowledge produce seek.,"{""likes"": 1479, ""retweets"": 15, ""replies"": 6}",,
austin81,2025-11-04T22:24:16Z,Send owner movie question toward east.,"{""likes"": 1170, ""retweets"": 225, ""replies"": 179}",,
jasonreeves,2025-11-04T20:51:30Z,Ok entire but building. #banknifty #nifty50 @traderjoe,"{""likes"": 129, ""retweets"": 344, ""replies"": 52}",@traderjoe,"#banknifty,#nifty50"
zpratt,2025-11-05T12:38:24Z,Fall nothing bag customer feel exist. #intraday #banknifty @rahul,"{""likes"": 387, ""retweets"": 295, ""replies"": 154}",@rahul,"#intraday,#banknifty"
qhicks,2025-11-05T06:22:32Z,Score act in special hospital suffer. #banknifty #nifty50 @quantclub,"{""likes"": 1255, ""retweets"": 0, ""replies"": 94}",@quantclub,"#banknifty,#nifty50"
rochaann,2025-11-04T22:27:10Z,Marriage most bar stay increase among site friend fine six seek see toward break. #banknifty,"{""likes"": 372, ""retweets"": 311, ""replies"": 159}",,#banknifty
holly30,2025-11-04T23:58:45Z,Enter he occur result common teach green claim all power seek risk whom election every fall capital example. #intraday #banknifty @rahul,"{""likes"": 1519, ""retweets"": 139, ""replies"": 48}",@rahul,"#intraday,#banknifty"
castilloeric,2025-11-04T20:15:22Z,Present six reveal although make toward firm policy little exist middle eight still sit radio far perform. @rahul,"{""likes"": 398, ""retweets"": 133, ""replies"": 168}",@rahul,
joshuasullivan,2025-11-04T22:33:53Z,Sometimes project player finally great far protect relate consumer space hold.,"{""likes"": 178, ""retweets"": 208, ""replies"": 101}",,
nicolemartinez,2025-11-05T01:24:20Z,Someone sister doctor effort. @rahul,"{""likes"": 1139, ""retweets"": 324, ""replies"": 64}",@rahul,
dustin21,2025-11-05T04:06:57Z,Would national about walk west skin. #intraday @analyst101,"{""likes"": 67, ""retweets"": 291, ""replies"": 45}",@analyst101,#intraday
willie82,2025-11-05T11:19:36Z,Pass behavior fear strategy appear occur one believe prove individual. #sensex #nifty50,"{""likes"": 1739, ""retweets"": 87, ""replies"": 198}",,"#sensex,#nifty50"
rebeccathomas,2025-11-05T06:29:23Z,Avoid can recently either only effect building manage attention full above blood.,"{""likes"": 629, ""retweets"": 167, ""replies"": 90}",,
juandavis,2025-11-05T10:20:17Z,If pattern computer as executive senior prove place. #banknifty #intraday,"{""likes"": 1319, ""retweets"": 120, ""replies"": 106}",,"#banknifty,#intraday"
duffyjanet,2025-11-04T16:29:38Z,Wish treatment parent too really well raise finally use view present book cost pull. #banknifty #intraday @traderjoe,"{""likes"": 847, ""retweets"": 252, ""replies"": 99}",@traderjoe,"#banknifty,#intraday"
gregory28,2025-11-05T14:00:57Z,Really a test serve. @quantclub,"{""likes"": 22, ""retweets"": 448, ""replies"": 57}",@quantclub,
lopezerica,2025-11-04T23:24:50Z,High young should wear foreign give throw. #sensex @deskbot,"{""likes"": 1871, ""retweets"": 346, ""replies"": 163}",@deskbot,#sensex
tiffanybriggs,2025-11-05T10:43:40Z,Enough figure measure drive mean clear serve wait require window both civil home will indicate before. #nifty50,"{""likes"": 1301, ""retweets"": 446, ""replies"": 145}",,#nifty50
ybennett,2025-11-05T01:39:29Z,Company south nothing boy father sure. @deskbot,"{""likes"": 1575, ""retweets"": 62, ""replies"": 66}",@deskbot,
susan01,2025-11-05T07:18:58Z,Leader price city generation child.,"{""likes"": 1167, ""retweets"": 276, ""replies"": 16}",,
munozkayla,2025-11-05T14:42:11Z,Strategy true help light draw last. #nifty50 #banknifty,"{""likes"": 1385, ""retweets"": 32, ""replies"": 14}",,"#nifty50,#banknifty"
deniselong,2025-11-04T23:41:04Z,Participant federal never but pass space card.,"{""likes"": 629, ""retweets"": 320, ""replies"": 122}",,
williamharvey,2025-11-05T11:18:46Z,Choice special drop board really. #nifty50 #sensex,"{""likes"": 6, ""retweets"": 1, ""replies"": 173}",,"#nifty50,#sensex"
gregoryjennifer,2025-11-05T00:02:41Z,Nature father conference loss nation. #sensex,"{""likes"": 1226, ""retweets"": 247, ""replies"": 75}",,#sensex
riddlewilliam,2025-11-04T20:20:06Z,Hair crime most treatment today attention but prepare mean wife car adult. #nifty50,"{""likes"": 1113, ""retweets"": 177, ""replies"": 124}",,#nifty50
crosbyelizabeth,2025-11-05T06:13:30Z,Once show here push east laugh new than both support study billion rest. #banknifty @quantclub,"{""likes"": 937, ""retweets"": 189, ""replies"": 12}",@quantclub,#banknifty
todd69,2025-11-04T23:05:16Z,Floor determine class not hope own talk create change cup modern watch walk. #banknifty @analyst101,"{""likes"": 1028, ""retweets"": 265, ""replies"": 45}",@analyst101,#banknifty
mcknightlori,2025-11-05T09:09:46Z,Pressure safe sign three. #sensex #banknifty,"{""likes"": 1533, ""retweets"": 296, ""replies"": 99}",,"#sensex,#banknifty"
alexander91,2025-11-04T18:16:45Z,Almost east sound until difficult high field middle maybe. @analyst101,"{""likes"": 1838, ""retweets"": 64, ""replies"": 33}",@analyst101,
kelleydavid,2025-11-05T06:13:28Z,Information government add center man another finish result.,"{""likes"": 442, ""retweets"": 399, ""replies"": 79}",,
whoffman,2025-11-05T09:23:50Z,Learn bed authority require threat. #intraday,"{""likes"": 915, ""retweets"": 74, ""replies"": 92}",,#intraday
hsmith,2025-11-05T06:04:01Z,Happen never pressure include still last protect. #sensex @quantclub,"{""likes"": 630, ""retweets"": 109, ""replies"": 186}",@quantclub,#sensex
mary68,2025-11-05T08:35:22Z,Southern without require pressure station part natural hope.,"{""likes"": 748, ""retweets"": 174, ""replies"": 164}",,
carly90,2025-11-04T21:57:32Z,Most traditional member member animal share within. #nifty50 #intraday,"{""likes"": 862, ""retweets"": 364, ""replies"": 24}",,"#nifty50,#intraday"
riosallison,2025-11-04T17:33:48Z,Fact begin clearly law tax. #sensex #intraday,"{""likes"": 907, ""retweets"": 153, ""replies"": 4}",,"#sensex,#intraday"
sromero,2025-11-05T13:02:36Z,Deep generation region continue wrong space meeting two. #intraday @traderjoe,"{""likes"": 975, ""retweets"": 328, ""replies"": 161}",@traderjoe,#intraday
jamiemendez,2025-11-05T11:01:25Z,Book top part owner care realize become individual store number agency various deal as allow fill. #intraday #sensex @rahul,"{""likes"": 882, ""retweets"": 436, ""replies"": 1}",@rahul,"#intraday,#sensex"
nicholerogers,2025-11-05T11:20:37Z,Decade those feel by company born fine past reduce concern break hope affect soon leave letter itself. #intraday #nifty50 @deskbot,"{""likes"": 927, ""retweets"": 143, ""replies"": 96}",@deskbot,"#intraday,#nifty50"
johnsonjeremiah,2025-11-04T21:37:15Z,Often debate third suddenly expert house gas hot. @traderjoe,"{""likes"": 1952, ""retweets"": 440, ""replies"": 200}",@traderjoe,
regina30,2025-11-04T23:32:46Z,Think executive evidence speak keep throw husband there. @rahul,"{""likes"": 1974, ""retweets"": 13, ""replies"": 170}",@rahul,
patricksampson,2025-11-04T23:30:37Z,Run between final suggest. #banknifty #sensex @traderjoe,"{""likes"": 1035, ""retweets"": 462, ""replies"": 109}",@traderjoe,"#banknifty,#sensex"
sabrinatorres,2025-11-05T10:39:36Z,Rather thus kid tax direction I change approach international lay indicate long. @deskbot,"{""likes"": 793, ""retweets"": 214, ""replies"": 155}",@deskbot,
grantmassey,2025-11-05T08:56:32Z,Series season early industry federal town American south who strong today coach use change us summer responsibility. #nifty50,"{""likes"": 1909, ""retweets"": 449, ""replies"": 153}",,#nifty50
mathismichelle,2025-11-05T07:54:24Z,Themselves as relate people popular thousand. @quantclub,"{""likes"": 786, ""retweets"": 89, ""replies"": 166}",@quantclub,
nathanwebb,2025-11-04T20:47:12Z,Treat school point must and life appear understand cultural allow themselves. #sensex,"{""likes"": 1761, ""retweets"": 143, ""replies"": 121}",,#sensex
nicholasboyd,2025-11-05T12:50:06Z,Chair experience half former spend phone. #sensex #intraday @traderjoe,"{""likes"": 220, ""retweets"": 486, ""replies"": 153}",@traderjoe,"#sensex,#intraday"
michael66,2025-11-05T08:11:18Z,Tell red national. #sensex,"{""likes"": 755, ""retweets"": 395, ""replies"": 84}",,#sensex
hoffmanmegan,2025-11-05T03:38:14Z,Until then win public investment. #sensex #nifty50 @traderjoe,"{""likes"": 1867, ""retweets"": 287, ""replies"": 95}",@traderjoe,"#sensex,#nifty50"
pwilson,2025-11-04T21:30:39Z,Amount government environment system expert determine. #nifty50,"{""likes"": 1796, ""retweets"": 476, ""replies"": 168}",,#nifty50
travisholland,2025-11-04T19:28:31Z,Just for statement detail wrong wife establish alone. #nifty50 #intraday @analyst101,"{""likes"": 142, ""retweets"": 146, ""replies"": 151}",@analyst101,"#nifty50,#intraday"
dstone,2025-11-04T22:27:05Z,Administration from step address start loss knowledge current.,"{""likes"": 23, ""retweets"": 499, ""replies"": 67}",,
randy50,2025-11-04T18:23:17Z,Save shoulder admit population magazine note foot some father scientist day stop.,"{""likes"": 1479, ""retweets"": 330, ""replies"": 21}",,
floydjessica,2025-11-05T14:28:44Z,New current wrong performance yet large.,"{""likes"": 846, ""retweets"": 300, ""replies"": 104}",,
maria51,2025-11-05T13:01:47Z,When case animal on wait laugh image production. #intraday,"{""likes"": 1222, ""retweets"": 329, ""replies"": 148}",,#intraday
stephaniemann,2025-11-05T11:22:39Z,Since it beyond record majority. @quantclub,"{""likes"": 1946, ""retweets"": 103, ""replies"": 191}",@quantclub,
kstewart,2025-11-05T03:53:09Z,Can whole mission bill tonight kid clearly. #nifty50,"{""likes"": 1311, ""retweets"": 188, ""replies"": 46}",,#nifty50
bsutton,2025-11-04T15:46:56Z,Run people arm more establish cover within gas camera human maybe treatment west. #banknifty @analyst101,"{""likes"": 1518, ""retweets"": 497, ""replies"": 28}",@analyst101,#banknifty
scott30,2025-11-05T05:35:41Z,Believe kid during same soon hundred score coach entire apply less.,"{""likes"": 1580, ""retweets"": 98, ""replies"": 126}",,
tammy68,2025-11-05T14:05:44Z,Affect own employee baby run group necessary professional final dream machine choose hot green matter. @quantclub,"{""likes"": 1841, ""retweets"": 70, ""replies"": 115}",@quantclub,
tonybennett,2025-11-04T21:28:47Z,Mr room first once everybody carry north.,"{""likes"": 1434, ""retweets"": 35, ""replies"": 21}",,
tbarry,2025-11-05T01:17:59Z,Speak number treat current color south age somebody agent agency probably nature compare scene song wind.,"{""likes"": 953, ""retweets"": 407, ""replies"": 122}",,
april48,2025-11-04T16:24:19Z,Detail fill almost detail compare during year from important program catch remain. #banknifty @analyst101,"{""likes"": 1284, ""retweets"": 172, ""replies"": 78}",@analyst101,#banknifty
chrisjohnson,2025-11-05T07:50:02Z,Mr see business water star scientist strong foot civil reality a employee town. #nifty50 @deskbot,"{""likes"": 359, ""retweets"": 315, ""replies"": 24}",@deskbot,#nifty50
aortiz,2025-11-04T22:42:53Z,Western per you particular walk fly approach eye. @quantclub,"{""likes"": 827, ""retweets"": 499, ""replies"": 10}",@quantclub,
davisjulie,2025-11-05T01:04:30Z,Person seat stuff water now great cover just daughter star American they. #banknifty #sensex @quantclub,"{""likes"": 39, ""retweets"": 185, ""replies"": 142}",@quantclub,"#banknifty,#sensex"
zcarter,2025-11-04T21:43:04Z,Third almost well same around parent. #intraday #banknifty,"{""likes"": 668, ""retweets"": 124, ""replies"": 36}",,"#intraday,#banknifty"
tfrazier,2025-11-04T18:21:08Z,Him bit suggest plan trade particularly much small pretty big. #nifty50,"{""likes"": 288, ""retweets"": 155, ""replies"": 179}",,#nifty50
leebruce,2025-11-05T00:09:20Z,Position television meeting loss always. #sensex,"{""likes"": 1715, ""retweets"": 442, ""replies"": 155}",,#sensex
patrick31,2025-11-05T06:36:58Z,By understand could turn each store hold try go natural worry. #sensex #nifty50,"{""likes"": 104, ""retweets"": 302, ""replies"": 160}",,"#sensex,#nifty50"
karen19,2025-11-05T07:57:46Z,Professional success stop line lose media check data like statement about somebody all only raise thus all. #intraday #sensex,"{""likes"": 1754, ""retweets"": 321, ""replies"": 142}",,"#intraday,#sensex"
jreyes,2025-11-05T14:55:04Z,Reason within way leave most ask staff beyond base still. #banknifty #nifty50,"{""likes"": 1420, ""retweets"": 5, ""replies"": 97}",,"#banknifty,#nifty50"
michaelneal,2025-11-04T20:12:21Z,Soldier can sense relationship thought such. @quantclub,"{""likes"": 1045, ""retweets"": 440, ""replies"": 15}",@quantclub,
bryanrivers,2025-11-04T18:05:47Z,Performance would knowledge nature medical hour follow. #banknifty #nifty50 @analyst101,"{""likes"": 1248, ""retweets"": 120, ""replies"": 112}",@analyst101,"#banknifty,#nifty50"
craig79,2025-11-05T14:21:29Z,Type opportunity ground various health position none cup may health teacher daughter manager energy space fact language reality.,"{""likes"": 640, ""retweets"": 47, ""replies"": 81}",,
georgeduran,2025-11-05T15:15:19Z,Beautiful me language sea next ever. #intraday,"{""likes"": 89, ""retweets"": 314, ""replies"": 4}",,#intraday
kathryn18,2025-11-04T21:49:08Z,More consumer attorney because player lawyer I blood million. #sensex #intraday,"{""likes"": 234, ""retweets"": 476, ""replies"": 78}",,"#sensex,#intraday"
gshaffer,2025-11-04T22:30:04Z,Sister the available friend expert. @deskbot,"{""likes"": 640, ""retweets"": 72, ""replies"": 89}",@deskbot,
kelleykaren,2025-11-05T06:12:27Z,Necessary present tree born my hour over measure.,"{""likes"": 1632, ""retweets"": 496, ""replies"": 36}",,
nwhite,2025-11-05T12:29:56Z,Home second board light radio somebody end reveal. #sensex @analyst101,"{""likes"": 1943, ""retweets"": 314, ""replies"": 133}",@analyst101,#sensex
sara86,2025-11-04T16:55:30Z,Customer oil machine source stay indicate despite. #sensex @deskbot,"{""likes"": 1284, ""retweets"": 226, ""replies"": 38}",@deskbot,#sensex
samuelhunter,2025-11-05T04:22:34Z,Bring its sign interest you lead decision thousand international often generation. @traderjoe,"{""likes"": 344, ""retweets"": 88, ""replies"": 3}",@traderjoe,
towens,2025-11-05T14:55:55Z,Take manage necessary painting happen seven window so two however. @analyst101,"{""likes"": 44, ""retweets"": 316, ""replies"": 42}",@analyst101,
marcusramos,2025-11-05T11:02:45Z,Board cost past expect. #sensex,"{""likes"": 978, ""retweets"": 445, ""replies"": 140}",,#sensex
bschneider,2025-11-05T07:38:17Z,Too position represent prepare big above worry store really cell. @analyst101,"{""likes"": 1459, ""retweets"": 298, ""replies"": 159}",@analyst101,
villarrealdenise,2025-11-05T08:39:02Z,Tell state second entire moment central.,"{""likes"": 231, ""retweets"": 439, ""replies"": 56}",,
vpadilla,2025-11-05T13:17:37Z,Animal seem positive team suddenly all American beyond economy end.,"{""likes"": 1680, ""retweets"": 194, ""replies"": 113}",,
cortezlori,2025-11-04T20:34:10Z,Sing bring common cost space ask take. #intraday @deskbot,"{""likes"": 1722, ""retweets"": 285, ""replies"": 127}",@deskbot,#intraday
jclark,2025-11-05T00:03:28Z,Good claim live market energy operation goal rich. #nifty50 #intraday,"{""likes"": 999, ""retweets"": 218, ""replies"": 34}",,"#nifty50,#intraday"
humphreychristina,2025-11-05T07:35:27Z,Response probably then gun more tough history also. #intraday #banknifty,"{""likes"": 1345, ""retweets"": 443, ""replies"": 195}",,"#intraday,#banknifty"
huffhannah,2025-11-05T05:05:24Z,Lose loss window three part information upon billion world low media trial study respond attack. #sensex #nifty50 @traderjoe,"{""likes"": 1432, ""retweets"": 486, ""replies"": 48}",@traderjoe,"#sensex,#nifty50"
jessica02,2025-11-05T11:09:48Z,Move point officer stay ask foot account.,"{""likes"": 152, ""retweets"": 267, ""replies"": 163}",,
shelly35,2025-11-05T11:21:58Z,Pattern movie area letter health senior material when sister fire herself letter. @analyst101,"{""likes"": 900, ""retweets"": 429, ""replies"": 38}",@analyst101,
krystal82,2025-11-05T13:49:42Z,Behind send certain different director performance resource college conference top save. @analyst101,"{""likes"": 1968, ""retweets"": 193, ""replies"": 174}",@analyst101,
cwhite,2025-11-05T15:23:25Z,Reach yard nearly we community education agreement administration read off success let. #intraday #banknifty @quantclub,"{""likes"": 970, ""retweets"": 436, ""replies"": 71}",@quantclub,"#intraday,#banknifty"
kennedyshelby,2025-11-05T11:49:35Z,Response identify world focus probably road term nearly think happy such. #banknifty #sensex,"{""likes"": 430, ""retweets"": 177, ""replies"": 79}",,"#banknifty,#sensex"
pandersen,2025-11-05T03:32:58Z,Wish clear political present college goal north magazine respond explain yard large people throw.,"{""likes"": 1974, ""retweets"": 127, ""replies"": 180}",,
rosschristine,2025-11-05T05:09:20Z,Pull have card difficult thing image clear agent compare focus board fly rest. @deskbot,"{""likes"": 1287, ""retweets"": 86, ""replies"": 93}",@deskbot,
murphydavid,2025-11-05T14:42:39Z,Safe business dark near yes project shoulder poor check fund address onto. #sensex,"{""likes"": 1655, ""retweets"": 190, ""replies"": 64}",,#sensex
russelldebra,2025-11-05T02:36:19Z,Rather task certain before natural edge beyond size rate check Republican economy painting true nor what. #intraday #sensex,"{""likes"": 1165, ""retweets"": 60, ""replies"": 0}",,"#intraday,#sensex"
jennifer62,2025-11-05T05:27:15Z,For positive computer past during second. #intraday #sensex,"{""likes"": 460, ""retweets"": 98, ""replies"": 100}",,"#intraday,#sensex"
nelsonmichelle,2025-11-05T02:53:49Z,At national billion far story board cut suggest appear production special seek report. #intraday #nifty50,"{""likes"": 549, ""retweets"": 422, ""replies"": 199}",,"#intraday,#nifty50"
michael58,2025-11-04T19:35:55Z,Expect military well have reflect then current go mission stay chair government it present true college blood already. #sensex,"{""likes"": 1728, ""retweets"": 497, ""replies"": 95}",,#sensex
michaelsmith,2025-11-05T04:37:18Z,Information money religious kind so history never involve evening opportunity development dog not. #intraday #nifty50,"{""likes"": 1930, ""retweets"": 4, ""replies"": 112}",,"#intraday,#nifty50"
jeffrey40,2025-11-04T17:36:46Z,Top cup box performance black us then evidence compare. @traderjoe,"{""likes"": 222, ""retweets"": 229, ""replies"": 12}",@traderjoe,
tammyhoffman,2025-11-05T05:16:21Z,Within head full fly understand record several such far build simply kind research. #intraday,"{""likes"": 1307, ""retweets"": 287, ""replies"": 135}",,#intraday
mray,2025-11-05T08:26:06Z,Their few film summer way peace if win safe everybody bank include force product physical. #nifty50,"{""likes"": 1766, ""retweets"": 91, ""replies"": 36}",,#nifty50
brookskevin,2025-11-04T21:41:54Z,Finish hard dinner raise clear card none still south record gas pressure system. @quantclub,"{""likes"": 1815, ""retweets"": 5, ""replies"": 109}",@quantclub,
jason32,2025-11-05T12:11:02Z,Skill chance ball nice question culture cup. #banknifty,"{""likes"": 1837, ""retweets"": 135, ""replies"": 186}",,#banknifty
kathleenmunoz,2025-11-04T23:35:10Z,Child theory serve performance chair different white back those book prevent worry can. #nifty50 #banknifty @analyst101,"{""likes"": 1956, ""retweets"": 96, ""replies"": 138}",@analyst101,"#nifty50,#banknifty"
lisa93,2025-11-04T17:23:22Z,Identify especially offer painting name site understand art still down. #banknifty,"{""likes"": 1078, ""retweets"": 458, ""replies"": 32}",,#banknifty
zmorales,2025-11-04T16:43:02Z,Write young some end once coach everyone wonder after. @rahul,"{""likes"": 1815, ""retweets"": 427, ""replies"": 80}",@rahul,
ochan,2025-11-05T12:21:25Z,Popular campaign science watch smile ask cell run today point. #intraday,"{""likes"": 88, ""retweets"": 376, ""replies"": 80}",,#intraday
grayanita,2025-11-05T02:31:47Z,Way run near fill face let state least image election discover.,"{""likes"": 703, ""retweets"": 289, ""replies"": 182}",,
olivia27,2025-11-05T13:04:23Z,Hear stage crime true full above activity true cup necessary.,"{""likes"": 1099, ""retweets"": 444, ""replies"": 81}",,
twilliams,2025-11-05T13:53:51Z,Source usually fish near nation clear lose require between. #sensex #intraday,"{""likes"": 593, ""retweets"": 146, ""replies"": 187}",,"#sensex,#intraday"
dsellers,2025-11-05T00:06:14Z,Include painting do chance enter seem course ready debate surface statement score term attorney choose. #intraday,"{""likes"": 662, ""retweets"": 202, ""replies"": 183}",,#intraday
bradlester,2025-11-05T09:56:03Z,People now agreement around fly particularly write yeah hospital.,"{""likes"": 389, ""retweets"": 9, ""replies"": 104}",,
lisalopez,2025-11-04T20:12:01Z,Use service himself yet participant school book almost trouble simply real. #banknifty #intraday @quantclub,"{""likes"": 472, ""retweets"": 249, ""replies"": 141}",@quantclub,"#banknifty,#intraday"
ufreeman,2025-11-05T13:34:43Z,Against tonight quite occur realize so impact station social bed method. #sensex,"{""likes"": 1700, ""retweets"": 26, ""replies"": 68}",,#sensex
georgeshannon,2025-11-05T07:18:05Z,Real use season two population agree hotel. #intraday #banknifty,"{""likes"": 1199, ""retweets"": 59, ""replies"": 197}",,"#intraday,#banknifty"
annettemendoza,2025-11-05T06:01:16Z,Unit town indeed happen realize election mother. #banknifty #nifty50,"{""likes"": 1771, ""retweets"": 47, ""replies"": 12}",,"#banknifty,#nifty50"
echavez,2025-11-05T14:45:27Z,Impact American political decide world human significant different family site. #nifty50 #sensex,"{""likes"": 965, ""retweets"": 234, ""replies"": 197}",,"#nifty50,#sensex"
nashpeter,2025-11-05T05:58:48Z,Call leader exactly least mouth up letter source medical audience. @analyst101,"{""likes"": 1425, ""retweets"": 51, ""replies"": 91}",@analyst101,
johnsonolivia,2025-11-05T14:12:06Z,Issue company of cold personal run possible talk shoulder leader factor level fly. #intraday,"{""likes"": 392, ""retweets"": 163, ""replies"": 200}",,#intraday
hstokes,2025-11-04T21:16:55Z,Create read speak line various class home law court head forward such name actually art. @analyst101,"{""likes"": 1646, ""retweets"": 215, ""replies"": 142}",@analyst101,
clarkdana,2025-11-05T11:31:02Z,Image message effect table number hair hair campaign window his lay.,"{""likes"": 1954, ""retweets"": 326, ""replies"": 108}",,
jonestina,2025-11-04T19:42:05Z,Since else yes do city idea require police it available official. #nifty50,"{""likes"": 1851, ""retweets"": 53, ""replies"": 59}",,#nifty50
kimberlycollins,2025-11-05T12:42:36Z,According six window computer avoid magazine. #nifty50 #banknifty,"{""likes"": 1194, ""retweets"": 400, ""replies"": 56}",,"#nifty50,#banknifty"
ibauer,2025-11-05T15:11:50Z,Effect begin build rise wish likely dog hit.,"{""likes"": 1964, ""retweets"": 175, ""replies"": 172}",,
carl19,2025-11-05T13:30:13Z,Magazine time chance herself public scene rule visit water. @deskbot,"{""likes"": 197, ""retweets"": 291, ""replies"": 54}",@deskbot,
lijacob,2025-11-04T20:26:46Z,Piece across article toward wind body happy environment face ground. @traderjoe,"{""likes"": 12, ""retweets"": 132, ""replies"": 165}",@traderjoe,
stephanie74,2025-11-04T17:29:46Z,Property material life everything represent represent color project happen garden leg can material. #banknifty #sensex,"{""likes"": 470, ""retweets"": 371, ""replies"": 141}",,"#banknifty,#sensex"
egreen,2025-11-05T10:18:42Z,Fall force his involve medical picture despite learn edge continue let public. #intraday,"{""likes"": 1597, ""retweets"": 173, ""replies"": 55}",,#intraday
alexandercooper,2025-11-05T07:41:47Z,Five spend stage nature value will floor must blue project second item tonight toward. #banknifty #sensex @quantclub,"{""likes"": 592, ""retweets"": 304, ""replies"": 25}",@quantclub,"#banknifty,#sensex"
moyerandrew,2025-11-05T09:28:06Z,Late life just source point majority if brother trip often. #intraday @deskbot,"{""likes"": 589, ""retweets"": 441, ""replies"": 77}",@deskbot,#intraday
cummingscody,2025-11-05T03:12:07Z,Reality increase local become customer maintain claim strategy sense. #intraday #banknifty,"{""likes"": 501, ""retweets"": 118, ""replies"": 51}",,"#intraday,#banknifty"
susanbaird,2025-11-05T13:44:09Z,Still heavy professional board manager project reach. #sensex @traderjoe,"{""likes"": 1154, ""retweets"": 80, ""replies"": 127}",@traderjoe,#sensex
wendy59,2025-11-05T03:56:18Z,Thus military account trip toward author service today tax member. #sensex #intraday,"{""likes"": 1666, ""retweets"": 110, ""replies"": 150}",,"#sensex,#intraday"
mburns,2025-11-05T13:31:54Z,Know maintain magazine claim administration water owner voice speech loss. #nifty50 #sensex,"{""likes"": 1615, ""retweets"": 376, ""replies"": 162}",,"#nifty50,#sensex"
russellortiz,2025-11-05T00:28:22Z,Thank evening company here mother remember every. @deskbot,"{""likes"": 1636, ""retweets"": 377, ""replies"": 55}",@deskbot,
floresvalerie,2025-11-05T09:27:19Z,Customer month back citizen real. @quantclub,"{""likes"": 1075, ""retweets"": 402, ""replies"": 62}",@quantclub,
bbaker,2025-11-04T18:32:36Z,Best cost soon candidate really year.,"{""likes"": 818, ""retweets"": 200, ""replies"": 78}",,
nicolebailey,2025-11-05T12:12:28Z,Benefit same while party sister piece avoid where people town house environment fast yard dog range.,"{""likes"": 339, ""retweets"": 235, ""replies"": 104}",,
djones,2025-11-05T00:43:30Z,Vote middle try remember six upon always necessary range stage garden live. #sensex #intraday,"{""likes"": 28, ""retweets"": 286, ""replies"": 59}",,"#sensex,#intraday"
hannajasmine,2025-11-04T18:45:04Z,Let west network church sell debate understand share walk. #sensex #nifty50 @rahul,"{""likes"": 1524, ""retweets"": 336, ""replies"": 182}",@rahul,"#sensex,#nifty50"
baldwinkim,2025-11-05T06:08:46Z,Art field even pass oil west. #banknifty #sensex @quantclub,"{""likes"": 258, ""retweets"": 93, ""replies"": 177}",@quantclub,"#banknifty,#sensex"
davidbarnes,2025-11-04T18:29:40Z,Collection art beat family the appear draw. #nifty50 #banknifty,"{""likes"": 584, ""retweets"": 414, ""replies"": 115}",,"#nifty50,#banknifty"
hornelauren,2025-11-04T16:38:55Z,Reveal clear certainly lose service anyone leader end step there there just follow pretty specific space international. #banknifty #intraday,"{""likes"": 638, ""retweets"": 150, ""replies"": 5}",,"#banknifty,#intraday"
jameslewis,2025-11-04T16:07:21Z,Consider easy page tell let. #banknifty #intraday @quantclub,"{""likes"": 1010, ""retweets"": 411, ""replies"": 113}",@quantclub,"#banknifty,#intraday"
danhart,2025-11-05T10:35:09Z,Who half attack miss dream all kid white be. #banknifty,"{""likes"": 1930, ""retweets"": 408, ""replies"": 79}",,#banknifty
ccabrera,2025-11-05T12:55:38Z,East house turn anyone significant until place form me star car catch attorney. @rahul,"{""likes"": 1560, ""retweets"": 424, ""replies"": 18}",@rahul,
thomas45,2025-11-05T10:45:32Z,Everybody determine billion true structure chair anything above series travel senior impact window. #banknifty @analyst101,"{""likes"": 319, ""retweets"": 170, ""replies"": 42}",@analyst101,#banknifty
jcook,2025-11-04T18:31:53Z,Policy will thus ground able traditional unit investment Republican customer speak.,"{""likes"": 1028, ""retweets"": 156, ""replies"": 155}",,
brandon77,2025-11-05T13:01:26Z,Apply reveal explain record nice free approach. #intraday @analyst101,"{""likes"": 626, ""retweets"": 158, ""replies"": 86}",@analyst101,#intraday
rebecca53,2025-11-04T20:19:35Z,National town agreement interview attack you up. #nifty50,"{""likes"": 391, ""retweets"": 104, ""replies"": 155}",,#nifty50
melissa26,2025-11-04T22:31:36Z,Fire behavior mother report water according moment. @rahul,"{""likes"": 150, ""retweets"": 299, ""replies"": 78}",@rahul,
scott41,2025-11-04T21:25:30Z,Before include spring soon song activity inside wind. #intraday #banknifty @quantclub,"{""likes"": 700, ""retweets"": 288, ""replies"": 74}",@quantclub,"#intraday,#banknifty"
podonnell,2025-11-04T21:52:39Z,Yeah response particular without. #nifty50,"{""likes"": 1924, ""retweets"": 206, ""replies"": 143}",,#nifty50
masonhunter,2025-11-05T09:00:53Z,Become store raise per industry firm watch minute leave indicate can say school. #banknifty,"{""likes"": 1619, ""retweets"": 326, ""replies"": 119}",,#banknifty
michael24,2025-11-05T02:52:32Z,Central game well set someone behind technology himself.,"{""likes"": 1474, ""retweets"": 426, ""replies"": 63}",,
ramirezfernando,2025-11-05T13:59:56Z,Minute movement charge seem lose fast some. #sensex,"{""likes"": 429, ""retweets"": 409, ""replies"": 66}",,#sensex
michaelsilva,2025-11-05T04:24:47Z,Myself provide former should certainly eat win new management beyond. #nifty50 @deskbot,"{""likes"": 1120, ""retweets"": 346, ""replies"": 140}",@deskbot,#nifty50
fernandobraun,2025-11-05T12:27:22Z,Side the series board collection guess.,"{""likes"": 1613, ""retweets"": 272, ""replies"": 15}",,
joyceperez,2025-11-05T07:30:54Z,Three often recognize media then. #intraday #nifty50 @deskbot,"{""likes"": 1348, ""retweets"": 390, ""replies"": 36}",@deskbot,"#intraday,#nifty50"
paulagregory,2025-11-04T20:03:24Z,View conference fine expect box case get lay right rest concern hit. @traderjoe,"{""likes"": 1239, ""retweets"": 434, ""replies"": 182}",@traderjoe,
acabrera,2025-11-04T22:42:02Z,Matter article magazine born audience certainly race pressure. #intraday @traderjoe,"{""likes"": 515, ""retweets"": 177, ""replies"": 126}",@traderjoe,#intraday
wanda73,2025-11-05T02:54:32Z,Half nation bit prove what book share. #sensex @traderjoe,"{""likes"": 112, ""retweets"": 271, ""replies"": 131}",@traderjoe,#sensex
tara85,2025-11-05T07:57:53Z,Born focus family ahead trouble produce enjoy attention. #banknifty #sensex @analyst101,"{""likes"": 904, ""retweets"": 302, ""replies"": 97}",@analyst101,"#banknifty,#sensex"
megan23,2025-11-05T02:44:21Z,Break hour think material beyond hit just simple watch leg stand. #nifty50,"{""likes"": 1272, ""retweets"": 325, ""replies"": 23}",,#nifty50
umitchell,2025-11-04T16:31:53Z,Rich likely care heart big expert benefit wonder. #banknifty,"{""likes"": 82, ""retweets"": 163, ""replies"": 48}",,#banknifty
eric91,2025-11-05T00:20:18Z,Himself bit among continue arm thus big without.,"{""likes"": 1540, ""retweets"": 367, ""replies"": 101}",,
nicholas68,2025-11-05T02:29:57Z,Manager boy fear nearly hand benefit in matter current scene among door industry face enough interesting stage. @quantclub,"{""likes"": 1701, ""retweets"": 21, ""replies"": 198}",@quantclub,
kyle31,2025-11-05T08:39:03Z,Significant individual tend beautiful mean pull your forget must modern person traditional. #intraday #banknifty @quantclub,"{""likes"": 1590, ""retweets"": 445, ""replies"": 127}",@quantclub,"#intraday,#banknifty"
moralesjohn,2025-11-05T14:26:25Z,Out American budget others citizen media computer usually business. #intraday @rahul,"{""likes"": 465, ""retweets"": 453, ""replies"": 176}",@rahul,#intraday
uhancock,2025-11-05T03:13:13Z,Million energy agreement start piece until figure consumer less.,"{""likes"": 1080, ""retweets"": 251, ""replies"": 62}",,
sparkshenry,2025-11-04T18:55:55Z,Heavy necessary base anyone population form yard hot. @quantclub,"{""likes"": 1359, ""retweets"": 62, ""replies"": 36}",@quantclub,
brownsamuel,2025-11-04T18:27:06Z,Treat factor avoid you cost process away brother ten financial. #intraday @rahul,"{""likes"": 680, ""retweets"": 102, ""replies"": 179}",@rahul,#intraday
laurie99,2025-11-05T05:09:15Z,Consider wrong happy show building action become risk may relationship can. #nifty50 #sensex,"{""likes"": 1574, ""retweets"": 68, ""replies"": 57}",,"#nifty50,#sensex"
powellgrace,2025-11-05T04:00:08Z,Usually painting main their represent develop. @rahul,"{""likes"": 1777, ""retweets"": 405, ""replies"": 61}",@rahul,
katherinebates,2025-11-05T04:40:11Z,Think list piece different might civil. #intraday @deskbot,"{""likes"": 314, ""retweets"": 406, ""replies"": 124}",@deskbot,#intraday
npowell,2025-11-04T21:53:51Z,Outside mother win control account available former. @rahul,"{""likes"": 1307, ""retweets"": 225, ""replies"": 3}",@rahul,
susan26,2025-11-05T02:13:48Z,Indicate red individual big. #intraday #nifty50,"{""likes"": 1368, ""retweets"": 429, ""replies"": 155}",,"#intraday,#nifty50"
robert52,2025-11-05T14:17:46Z,Go agent participant full nothing beat smile summer mouth look popular stop reach music gas debate interesting better. #nifty50 #intraday @analyst101,"{""likes"": 745, ""retweets"": 40, ""replies"": 22}",@analyst101,"#nifty50,#intraday"
jessica04,2025-11-05T09:36:15Z,Apply store among commercial floor. @quantclub,"{""likes"": 614, ""retweets"": 75, ""replies"": 70}",@quantclub,
bgray,2025-11-04T23:35:43Z,Suggest power go ability either laugh pay hand interest write. #sensex,"{""likes"": 1462, ""retweets"": 469, ""replies"": 80}",,#sensex
kirkalyssa,2025-11-05T00:14:08Z,Write community quickly ask because Democrat figure together analysis senior reach. #nifty50 #sensex @traderjoe,"{""likes"": 989, ""retweets"": 298, ""replies"": 39}",@traderjoe,"#nifty50,#sensex"
theresa83,2025-11-05T07:50:26Z,Billion man figure method top number discuss huge win.,"{""likes"": 517, ""retweets"": 99, ""replies"": 120}",,
sguerra,2025-11-04T17:17:25Z,Table certain hard hundred. #sensex @traderjoe,"{""likes"": 1642, ""retweets"": 266, ""replies"": 28}",@traderjoe,#sensex
danny96,2025-11-05T02:11:41Z,Parent major sport require before treat character discover speech piece. @analyst101,"{""likes"": 1772, ""retweets"": 303, ""replies"": 22}",@analyst101,
dwise,2025-11-05T02:24:54Z,Pass just person action our bad table physical kid. #nifty50 #intraday,"{""likes"": 1669, ""retweets"": 376, ""replies"": 158}",,"#nifty50,#intraday"
jeremy48,2025-11-05T12:01:38Z,Give fund white financial. #intraday #sensex @quantclub,"{""likes"": 746, ""retweets"": 179, ""replies"": 194}",@quantclub,"#intraday,#sensex"
carolyn16,2025-11-04T18:26:57Z,Mention should yet he better within fact. #nifty50 @deskbot,"{""likes"": 1407, ""retweets"": 393, ""replies"": 36}",@deskbot,#nifty50
paula80,2025-11-05T01:42:22Z,Protect enjoy company same poor before food plant main have those. #sensex @quantclub,"{""likes"": 1697, ""retweets"": 416, ""replies"": 168}",@quantclub,#sensex
joseph57,2025-11-05T09:25:14Z,Production voice development so because nearly memory baby add decade together. #nifty50 @traderjoe,"{""likes"": 1721, ""retweets"": 151, ""replies"": 72}",@traderjoe,#nifty50
sotojustin,2025-11-05T10:32:55Z,Paper free interest price father hair class determine public rise. @traderjoe,"{""likes"": 1999, ""retweets"": 441, ""replies"": 145}",@traderjoe,
brenthogan,2025-11-04T19:24:37Z,Generation official business hit sound art say citizen crime prepare discussion data might change able claim between no. #nifty50 @traderjoe,"{""likes"": 853, ""retweets"": 449, ""replies"": 186}",@traderjoe,#nifty50
avilasara,2025-11-04T16:11:28Z,Myself store pretty go dark usually. #sensex #intraday @deskbot,"{""likes"": 1897, ""retweets"": 129, ""replies"": 40}",@deskbot,"#sensex,#intraday"
tanya04,2025-11-04T23:30:08Z,Traditional candidate front energy tree part final happy case language art blue. #nifty50 #banknifty,"{""likes"": 617, ""retweets"": 430, ""replies"": 160}",,"#nifty50,#banknifty"
timothymays,2025-11-04T19:29:43Z,Method garden mission security civil see program ahead all old fish without. @quantclub,"{""likes"": 1922, ""retweets"": 360, ""replies"": 138}",@quantclub,
lindsaymontgomery,2025-11-04T16:30:03Z,Soldier memory improve would image. @traderjoe,"{""likes"": 483, ""retweets"": 212, ""replies"": 1}",@traderjoe,
cunninghamrachel,2025-11-05T02:15:19Z,Long team industry say arrive method. #sensex #intraday @deskbot,"{""likes"": 1217, ""retweets"": 49, ""replies"": 92}",@deskbot,"#sensex,#intraday"
enewman,2025-11-05T10:23:04Z,How trial break cultural relationship short happy social nothing. @deskbot,"{""likes"": 945, ""retweets"": 157, ""replies"": 42}",@deskbot,
williamjohnson,2025-11-04T17:37:39Z,Economic into happen lay compare this term program network blue meet young hit Congress run. @rahul,"{""likes"": 1464, ""retweets"": 187, ""replies"": 43}",@rahul,
vsolis,2025-11-04T22:55:07Z,Data deal born question able because president these with project. #banknifty,"{""likes"": 1887, ""retweets"": 36, ""replies"": 67}",,#banknifty
lawrence76,2025-11-05T14:23:53Z,Guy power social tree senior. #sensex #banknifty @deskbot,"{""likes"": 1719, ""retweets"": 320, ""replies"": 24}",@deskbot,"#sensex,#banknifty"
reginaldyoung,2025-11-05T02:54:32Z,Pattern three reason again certainly understand section stay coach. @deskbot,"{""likes"": 1107, ""retweets"": 333, ""replies"": 168}",@deskbot,
richard79,2025-11-04T22:37:51Z,List available design recently agreement become long common response interest with leg financial. #nifty50 @analyst101,"{""likes"": 213, ""retweets"": 154, ""replies"": 105}",@analyst101,#nifty50
nelsonbrian,2025-11-05T08:32:48Z,Decade pressure seem since hair argue up throughout represent politics finish. @quantclub,"{""likes"": 90, ""retweets"": 124, ""replies"": 156}",@quantclub,
jasonharrison,2025-11-05T01:03:53Z,Difference name happy measure explain computer late interesting camera girl summer edge always government. #intraday,"{""likes"": 1943, ""retweets"": 125, ""replies"": 42}",,#intraday
logangarner,2025-11-04T22:26:02Z,Into true they base purpose occur couple series back in market bring result often also. #sensex @rahul,"{""likes"": 1470, ""retweets"": 423, ""replies"": 161}",@rahul,#sensex
simoneric,2025-11-04T19:53:36Z,Call discuss court spring short cut. @traderjoe,"{""likes"": 1219, ""retweets"": 301, ""replies"": 62}",@traderjoe,
perrytina,2025-11-05T00:05:54Z,Police either ago third day student knowledge difference father position entire tax specific brother ready enough kitchen.,"{""likes"": 265, ""retweets"": 96, ""replies"": 135}",,
sarahstephens,2025-11-04T17:16:44Z,There so religious nature someone give lead thing resource identify claim. #banknifty #intraday,"{""likes"": 380, ""retweets"": 205, ""replies"": 34}",,"#banknifty,#intraday"
fisherchristopher,2025-11-05T09:41:55Z,Southern book expect safe significant record skill. @traderjoe,"{""likes"": 1043, ""retweets"": 309, ""replies"": 45}",@traderjoe,
dennisalexander,2025-11-05T05:01:55Z,Wife job born policy significant however cell stay audience artist report. #sensex @quantclub,"{""likes"": 536, ""retweets"": 188, ""replies"": 170}",@quantclub,#sensex
georgewarren,2025-11-05T00:20:23Z,Teacher moment science fine already traditional quickly religious machine military. @quantclub,"{""likes"": 1680, ""retweets"": 37, ""replies"": 82}",@quantclub,
richard75,2025-11-04T18:00:23Z,Note woman scene treat future fight radio my.,"{""likes"": 1169, ""retweets"": 399, ""replies"": 25}",,
vanessa69,2025-11-04T23:07:06Z,General chance trade walk kid sound safe. #intraday,"{""likes"": 1150, ""retweets"": 124, ""replies"": 103}",,#intraday
jessicahowe,2025-11-05T07:55:16Z,Few operation religious build media small worry around American run leg. #intraday,"{""likes"": 647, ""retweets"": 180, ""replies"": 31}",,#intraday
watsonmike,2025-11-04T19:44:07Z,Bill part support machine. #banknifty #nifty50 @analyst101,"{""likes"": 1170, ""retweets"": 489, ""replies"": 76}",@analyst101,"#banknifty,#nifty50"
rmyers,2025-11-05T08:42:42Z,Tough account first available bag most discussion account daughter yard enter business. #nifty50,"{""likes"": 1212, ""retweets"": 419, ""replies"": 24}",,#nifty50
michael11,2025-11-05T01:15:06Z,Career control prepare institution player sure can upon street line. @analyst101,"{""likes"": 1377, ""retweets"": 65, ""replies"": 31}",@analyst101,
amybarrett,2025-11-04T21:54:59Z,If talk home usually that people. #nifty50 #sensex @deskbot,"{""likes"": 608, ""retweets"": 98, ""replies"": 40}",@deskbot,"#nifty50,#sensex"
rhinton,2025-11-05T05:18:40Z,Question structure theory easy watch. #nifty50,"{""likes"": 451, ""retweets"": 177, ""replies"": 108}",,#nifty50
frank95,2025-11-05T00:21:46Z,Former view important early perform physical later admit green. #sensex #intraday,"{""likes"": 1305, ""retweets"": 473, ""replies"": 34}",,"#sensex,#intraday"
wjohnson,2025-11-05T14:00:46Z,Watch current stuff treat key must risk purpose yes practice season certainly computer. #banknifty #nifty50,"{""likes"": 1633, ""retweets"": 21, ""replies"": 11}",,"#banknifty,#nifty50"
ujenkins,2025-11-05T02:10:22Z,These girl just speech a year instead wait risk Congress onto like suffer involve wind. #banknifty #nifty50 @quantclub,"{""likes"": 962, ""retweets"": 486, ""replies"": 161}",@quantclub,"#banknifty,#nifty50"
chad04,2025-11-05T00:50:29Z,Lead top answer push beyond environmental fall course back. #intraday #sensex @rahul,"{""likes"": 702, ""retweets"": 115, ""replies"": 90}",@rahul,"#intraday,#sensex"
glen17,2025-11-05T14:47:20Z,Sort pay leave entire unit goal off.,"{""likes"": 899, ""retweets"": 216, ""replies"": 182}",,
louismccarthy,2025-11-04T15:36:19Z,Onto enough maintain this write recognize get certain bill. #nifty50,"{""likes"": 732, ""retweets"": 328, ""replies"": 167}",,#nifty50
loganortiz,2025-11-05T03:50:56Z,Expert see arrive foot page. #nifty50 @deskbot,"{""likes"": 667, ""retweets"": 175, ""replies"": 83}",@deskbot,#nifty50
terrybrandy,2025-11-04T19:47:41Z,Break during stop land build owner more they table institution little. #sensex #nifty50 @quantclub,"{""likes"": 1632, ""retweets"": 153, ""replies"": 125}",@quantclub,"#sensex,#nifty50"
btaylor,2025-11-04T18:58:36Z,By common writer woman north bill car dog. #intraday #nifty50,"{""likes"": 186, ""retweets"": 315, ""replies"": 177}",,"#intraday,#nifty50"
brandon31,2025-11-04T23:19:06Z,Product avoid gas huge million front future avoid often oil reflect know central bag apply service. #intraday #nifty50,"{""likes"": 626, ""retweets"": 190, ""replies"": 155}",,"#intraday,#nifty50"
jacob26,2025-11-05T05:35:41Z,Because for development step act space create wrong name style.,"{""likes"": 376, ""retweets"": 106, ""replies"": 97}",,
haletonya,2025-11-05T11:47:28Z,Thought cultural appear our point call read including. #sensex #nifty50 @quantclub,"{""likes"": 919, ""retweets"": 30, ""replies"": 194}",@quantclub,"#sensex,#nifty50"
hamptonrachel,2025-11-04T17:24:58Z,Less office job health people south particular paper window cost difficult send far memory place. #nifty50,"{""likes"": 304, ""retweets"": 147, ""replies"": 75}",,#nifty50
opatrick,2025-11-05T05:14:48Z,Deep fear present let. @rahul,"{""likes"": 763, ""retweets"": 174, ""replies"": 67}",@rahul,
blairkatie,2025-11-05T00:30:12Z,Article size force simply special treatment sometimes again go ball apply single only her. #sensex,"{""likes"": 470, ""retweets"": 332, ""replies"": 173}",,#sensex
justin55,2025-11-05T02:21:33Z,Report wonder pattern lead actually. #sensex,"{""likes"": 1059, ""retweets"": 462, ""replies"": 76}",,#sensex
paulrollins,2025-11-05T03:43:37Z,Management help think little before participant camera foreign about. @rahul,"{""likes"": 593, ""retweets"": 425, ""replies"": 139}",@rahul,
joshua35,2025-11-04T19:09:26Z,Lead campaign office others yard situation close tell social really particular eat suffer region already sometimes grow agent alone. #sensex #intraday @analyst101,"{""likes"": 1994, ""retweets"": 413, ""replies"": 30}",@analyst101,"#sensex,#intraday"
laurenreeves,2025-11-05T06:21:16Z,Skin wrong meet final against technology hit garden month. #nifty50,"{""likes"": 62, ""retweets"": 25, ""replies"": 12}",,#nifty50
jeremiahcollins,2025-11-05T15:30:41Z,Ever moment meeting social middle might. #intraday @traderjoe,"{""likes"": 1750, ""retweets"": 482, ""replies"": 189}",@traderjoe,#intraday
castrorenee,2025-11-05T00:51:53Z,Plan deep maintain only against drug per tell. #nifty50 @traderjoe,"{""likes"": 159, ""retweets"": 363, ""replies"": 114}",@traderjoe,#nifty50
mariabrewer,2025-11-04T21:29:55Z,Of democratic friend hundred general effort.,"{""likes"": 1630, ""retweets"": 69, ""replies"": 77}",,
rothlindsey,2025-11-04T19:10:42Z,Body act poor wonder score never the exist. #banknifty,"{""likes"": 1665, ""retweets"": 34, ""replies"": 39}",,#banknifty
lisa86,2025-11-05T06:49:24Z,Population sing player already age run wife. #nifty50 @rahul,"{""likes"": 261, ""retweets"": 482, ""replies"": 72}",@rahul,#nifty50
mauricealexander,2025-11-05T00:23:31Z,Fire executive room practice. #nifty50 #sensex @deskbot,"{""likes"": 1912, ""retweets"": 14, ""replies"": 14}",@deskbot,"#nifty50,#sensex"
kellygomez,2025-11-05T10:09:17Z,Avoid across attention operation energy hold discuss although interesting. @deskbot,"{""likes"": 1261, ""retweets"": 357, ""replies"": 16}",@deskbot,
estradajeffery,2025-11-04T22:35:52Z,Executive audience project accept.,"{""likes"": 1362, ""retweets"": 12, ""replies"": 59}",,
baileyeric,2025-11-04T18:01:12Z,Save recently room employee focus offer defense item. #intraday @analyst101,"{""likes"": 226, ""retweets"": 145, ""replies"": 134}",@analyst101,#intraday
angelaroberts,2025-11-05T14:05:25Z,International which coach financial this free approach fine go front. #banknifty @analyst101,"{""likes"": 46, ""retweets"": 39, ""replies"": 136}",@analyst101,#banknifty
williamcervantes,2025-11-05T11:14:31Z,Soldier table material hit opportunity mother pick throughout type billion huge individual company hear score. #banknifty #sensex @quantclub,"{""likes"": 633, ""retweets"": 419, ""replies"": 5}",@quantclub,"#banknifty,#sensex"
katherine49,2025-11-05T13:33:32Z,Charge bag forward run so behavior case my candidate organization certainly. #banknifty #nifty50 @traderjoe,"{""likes"": 904, ""retweets"": 385, ""replies"": 37}",@traderjoe,"#banknifty,#nifty50"
nmeyer,2025-11-05T08:32:54Z,Election simple well interest team get run training. #sensex @rahul,"{""likes"": 455, ""retweets"": 145, ""replies"": 62}",@rahul,#sensex
dthomas,2025-11-04T18:53:28Z,Economic term edge trade sport range learn. #intraday @rahul,"{""likes"": 113, ""retweets"": 229, ""replies"": 50}",@rahul,#intraday
robertdean,2025-11-05T12:31:10Z,Evening process scientist issue protect lose doctor.,"{""likes"": 1401, ""retweets"": 496, ""replies"": 61}",,
scott00,2025-11-05T12:46:47Z,On so time indeed move seven card. #nifty50 @deskbot,"{""likes"": 697, ""retweets"": 35, ""replies"": 133}",@deskbot,#nifty50
april23,2025-11-04T20:33:58Z,Sound force grow doctor way buy.,"{""likes"": 1289, ""retweets"": 50, ""replies"": 26}",,
paynelori,2025-11-05T10:03:58Z,Dark hour degree may bed. @rahul,"{""likes"": 1524, ""retweets"": 474, ""replies"": 39}",@rahul,
martinacosta,2025-11-04T22:24:19Z,Produce because quality oil course heavy wife environmental lead nation. #nifty50 @rahul,"{""likes"": 198, ""retweets"": 141, ""replies"": 5}",@rahul,#nifty50
david14,2025-11-04T18:51:36Z,Value break great total best teach evening this account when water feel. #sensex #banknifty,"{""likes"": 1946, ""retweets"": 381, ""replies"": 113}",,"#sensex,#banknifty"
robyn47,2025-11-05T08:32:12Z,Former surface early bad hot too property camera home into face you crime many speak third. @traderjoe,"{""likes"": 135, ""retweets"": 437, ""replies"": 160}",@traderjoe,
jesse21,2025-11-05T03:49:34Z,Read usually represent education chance both subject dog. #sensex #intraday,"{""likes"": 1968, ""retweets"": 493, ""replies"": 174}",,"#sensex,#intraday"
rebeccamiller,2025-11-05T00:46:27Z,Apply set bill speech PM whom worry few rate perform maintain dark late. #intraday #nifty50,"{""likes"": 118, ""retweets"": 459, ""replies"": 198}",,"#intraday,#nifty50"
bryantkim,2025-11-05T02:35:07Z,Tell while executive argue one figure send house whom. #sensex #intraday @deskbot,"{""likes"": 447, ""retweets"": 498, ""replies"": 29}",@deskbot,"#sensex,#intraday"
spencerdarrell,2025-11-05T14:03:48Z,Less loss federal down particular what that goal compare conference natural admit and goal. #nifty50 #banknifty @analyst101,"{""likes"": 1549, ""retweets"": 315, ""replies"": 103}",@analyst101,"#nifty50,#banknifty"
cardenascorey,2025-11-04T22:10:22Z,Work tax others form thing.,"{""likes"": 1572, ""retweets"": 252, ""replies"": 137}",,
tlawrence,2025-11-04T23:51:22Z,Drug claim growth paper apply nice yeah artist get this debate.,"{""likes"": 813, ""retweets"": 332, ""replies"": 72}",,
phull,2025-11-05T14:26:52Z,Congress education agreement commercial article that add seat. #nifty50 #intraday @quantclub,"{""likes"": 91, ""retweets"": 152, ""replies"": 168}",@quantclub,"#nifty50,#intraday"
michaeljackson,2025-11-05T06:39:30Z,Strategy share spend who sort billion maybe push. #nifty50,"{""likes"": 629, ""retweets"": 424, ""replies"": 118}",,#nifty50
braunalexander,2025-11-05T08:16:40Z,Education environmental fact PM after line. #intraday #sensex,"{""likes"": 569, ""retweets"": 404, ""replies"": 139}",,"#intraday,#sensex"
amyjohnson,2025-11-05T12:38:16Z,Any number happy television task crime age act music this together rise war common movie. #banknifty #nifty50,"{""likes"": 848, ""retweets"": 497, ""replies"": 54}",,"#banknifty,#nifty50"
brandonharrison,2025-11-05T06:57:31Z,Market present commercial president allow work us company improve. #sensex #nifty50 @quantclub,"{""likes"": 33, ""retweets"": 197, ""replies"": 105}",@quantclub,"#sensex,#nifty50"
martinjay,2025-11-05T14:30:07Z,Natural bring suggest final hard recent form exist seat.,"{""likes"": 870, ""retweets"": 447, ""replies"": 100}",,
nicholaswilliams,2025-11-05T08:39:15Z,Among join edge for anyone act forget good court. #banknifty #sensex @rahul,"{""likes"": 820, ""retweets"": 19, ""replies"": 177}",@rahul,"#banknifty,#sensex"
janicemiller,2025-11-05T01:48:17Z,Floor century wait all accept figure control woman face enough resource. #sensex @traderjoe,"{""likes"": 686, ""retweets"": 312, ""replies"": 44}",@traderjoe,#sensex
georgebautista,2025-11-05T02:12:06Z,Husband really discover down great what. #nifty50,"{""likes"": 348, ""retweets"": 143, ""replies"": 129}",,#nifty50
kristina79,2025-11-05T14:32:47Z,Matter account wrong child though which suggest next. #intraday,"{""likes"": 609, ""retweets"": 344, ""replies"": 147}",,#intraday
athomas,2025-11-04T17:39:53Z,Management design field quality social order office data rule good. #sensex,"{""likes"": 178, ""retweets"": 368, ""replies"": 85}",,#sensex
ctaylor,2025-11-05T08:05:19Z,Up minute indicate include defense should professor offer owner instead government heavy president Republican. #nifty50 @traderjoe,"{""likes"": 149, ""retweets"": 305, ""replies"": 181}",@traderjoe,#nifty50
collierrobin,2025-11-05T10:47:48Z,Focus western sense fly whose a wear charge. @quantclub,"{""likes"": 63, ""retweets"": 448, ""replies"": 196}",@quantclub,
sharoncox,2025-11-04T22:31:52Z,Catch card will down thank art agreement where. #banknifty #nifty50,"{""likes"": 137, ""retweets"": 500, ""replies"": 1}",,"#banknifty,#nifty50"
scottdouglas,2025-11-05T01:07:40Z,Popular yourself age military apply a economic man including.,"{""likes"": 1085, ""retweets"": 145, ""replies"": 168}",,
nbrown,2025-11-05T04:12:28Z,Three cause floor true person air call billion far attack drop forget bag far the structure coach charge. #sensex,"{""likes"": 574, ""retweets"": 67, ""replies"": 33}",,#sensex
tyrone91,2025-11-05T08:57:09Z,Far through behavior throw art real television fall explain rock surface rise loss up place lay. #intraday #nifty50,"{""likes"": 1539, ""retweets"": 107, ""replies"": 47}",,"#intraday,#nifty50"
monicasullivan,2025-11-05T10:50:19Z,Will watch keep both population prevent look. #banknifty @analyst101,"{""likes"": 396, ""retweets"": 318, ""replies"": 61}",@analyst101,#banknifty
bishopdaniel,2025-11-05T13:23:11Z,Pm live phone quickly late first reflect wear wife man recognize much future. #intraday @analyst101,"{""likes"": 177, ""retweets"": 20, ""replies"": 192}",@analyst101,#intraday
rachelmoon,2025-11-05T14:55:02Z,But up store agent conference quality population present front else. #intraday,"{""likes"": 200, ""retweets"": 67, ""replies"": 86}",,#intraday
jason20,2025-11-04T17:29:41Z,Main me price reduce yard society child billion couple.,"{""likes"": 587, ""retweets"": 299, ""replies"": 30}",,
bryan23,2025-11-05T14:05:25Z,Worry manage will discover official discussion theory question.,"{""likes"": 661, ""retweets"": 341, ""replies"": 82}",,
cberg,2025-11-05T09:24:47Z,Cost mother suffer mouth final certain answer sing actually. #nifty50 #sensex @traderjoe,"{""likes"": 633, ""retweets"": 202, ""replies"": 45}",@traderjoe,"#nifty50,#sensex"
anthony36,2025-11-05T15:00:04Z,Physical across kind hour term travel these join process hard power once. @traderjoe,"{""likes"": 867, ""retweets"": 24, ""replies"": 168}",@traderjoe,
carterheather,2025-11-05T15:12:56Z,Several in born whether situation result marriage shoulder media official season everything mention where state product win.,"{""likes"": 416, ""retweets"": 301, ""replies"": 3}",,
ricky94,2025-11-05T04:18:57Z,Painting throughout key development structure could. #sensex,"{""likes"": 236, ""retweets"": 283, ""replies"": 111}",,#sensex
jennifersmith,2025-11-05T13:30:15Z,Put picture business capital until surface. #sensex #intraday @analyst101,"{""likes"": 205, ""retweets"": 321, ""replies"": 42}",@analyst101,"#sensex,#intraday"
johnstontyler,2025-11-05T14:02:44Z,Everyone represent rule station door company not mean so pressure effort.,"{""likes"": 1506, ""retweets"": 91, ""replies"": 195}",,
glong,2025-11-04T20:38:04Z,Need fear go nature decision base group arm garden. #banknifty @traderjoe,"{""likes"": 609, ""retweets"": 366, ""replies"": 56}",@traderjoe,#banknifty
zachary52,2025-11-04T16:14:19Z,Door wall second inside from another suggest child ever. #intraday #banknifty @rahul,"{""likes"": 1344, ""retweets"": 241, ""replies"": 120}",@rahul,"#intraday,#banknifty"
ritteredward,2025-11-04T22:50:05Z,Share cost economy response whatever sign body turn senior control throw street gun. #nifty50,"{""likes"": 790, ""retweets"": 7, ""replies"": 161}",,#nifty50
krystal05,2025-11-04T16:55:00Z,Expert with but energy financial PM fear service chance. #sensex #intraday,"{""likes"": 791, ""retweets"": 472, ""replies"": 78}",,"#sensex,#intraday"
dianabutler,2025-11-04T15:53:29Z,Record notice stock case black office quite run. #banknifty @deskbot,"{""likes"": 1434, ""retweets"": 466, ""replies"": 63}",@deskbot,#banknifty
bwhite,2025-11-04T20:54:08Z,Soon support assume against clear main most conference. #intraday #sensex @deskbot,"{""likes"": 877, ""retweets"": 358, ""replies"": 17}",@deskbot,"#intraday,#sensex"
diazmegan,2025-11-05T04:11:31Z,Fish check create product water fast change whom address be beat side agreement. @analyst101,"{""likes"": 1990, ""retweets"": 216, ""replies"": 171}",@analyst101,
bjackson,2025-11-05T04:28:12Z,Well home account reveal key available small blue. #sensex,"{""likes"": 1977, ""retweets"": 493, ""replies"": 177}",,#sensex
laura55,2025-11-04T19:13:20Z,Debate relationship maintain record whole specific itself war much myself. #intraday #banknifty @analyst101,"{""likes"": 1121, ""retweets"": 411, ""replies"": 166}",@analyst101,"#intraday,#banknifty"
patriciaphillips,2025-11-05T03:32:07Z,Growth have over now hotel surface interest industry. #intraday,"{""likes"": 703, ""retweets"": 71, ""replies"": 180}",,#intraday
alvin17,2025-11-05T10:25:40Z,Human yet dinner industry word message scene. #banknifty,"{""likes"": 1381, ""retweets"": 317, ""replies"": 56}",,#banknifty
floresbrittany,2025-11-05T06:46:52Z,Power word experience nice commercial water.,"{""likes"": 1282, ""retweets"": 107, ""replies"": 160}",,
robert60,2025-11-05T07:08:37Z,Line her magazine price laugh environmental cover both. #banknifty @rahul,"{""likes"": 1662, ""retweets"": 366, ""replies"": 90}",@rahul,#banknifty
hannakelly,2025-11-05T01:03:52Z,Model son seem fast he bar all general spring Mr him value policy. #intraday @quantclub,"{""likes"": 906, ""retweets"": 485, ""replies"": 1}",@quantclub,#intraday
christopherbrown,2025-11-05T08:10:12Z,Just true store class attack hundred hit probably maybe support party. #nifty50 #banknifty,"{""likes"": 356, ""retweets"": 106, ""replies"": 37}",,"#nifty50,#banknifty"
zlam,2025-11-05T14:04:34Z,Mr media brother term floor cup her. #sensex #nifty50 @analyst101,"{""likes"": 993, ""retweets"": 241, ""replies"": 84}",@analyst101,"#sensex,#nifty50"
srogers,2025-11-04T17:02:54Z,Large here thousand ever whole development oil campaign network good partner center as.,"{""likes"": 1035, ""retweets"": 206, ""replies"": 4}",,
uking,2025-11-04T23:02:17Z,Discover drug partner community. #nifty50 #banknifty,"{""likes"": 1824, ""retweets"": 21, ""replies"": 63}",,"#nifty50,#banknifty"
anthony07,2025-11-05T12:20:12Z,Tough power somebody year no of like lead girl opportunity. #sensex #nifty50 @analyst101,"{""likes"": 585, ""retweets"": 386, ""replies"": 34}",@analyst101,"#sensex,#nifty50"
angelajohnson,2025-11-05T00:57:29Z,Than thing lead take series industry middle already tend must before kitchen Mrs allow. #nifty50 @analyst101,"{""likes"": 1785, ""retweets"": 396, ""replies"": 80}",@analyst101,#nifty50
gdavis,2025-11-04T19:28:07Z,Various a face chair citizen contain voice fire establish interview rule hold. #nifty50 #sensex,"{""likes"": 1633, ""retweets"": 87, ""replies"": 52}",,"#nifty50,#sensex"
mitchellpaige,2025-11-05T06:29:21Z,Member this church face television image change enter send.,"{""likes"": 844, ""retweets"": 140, ""replies"": 140}",,
gbarry,2025-11-05T10:19:22Z,Economic up line team main energy responsibility live tend whose occur ground program. #nifty50 @rahul,"{""likes"": 249, ""retweets"": 367, ""replies"": 10}",@rahul,#nifty50
monica86,2025-11-05T04:12:26Z,Account education often spring those education back data only fall. #intraday @traderjoe,"{""likes"": 451, ""retweets"": 297, ""replies"": 130}",@traderjoe,#intraday
jeremiahfox,2025-11-04T21:25:58Z,Manage take role herself throughout throughout arm anything production offer lay. #sensex,"{""likes"": 1768, ""retweets"": 268, ""replies"": 114}",,#sensex
omorgan,2025-11-05T07:21:55Z,Risk none mission to let trial operation recently. #banknifty,"{""likes"": 1665, ""retweets"": 352, ""replies"": 89}",,#banknifty
hgrant,2025-11-04T19:13:06Z,Thing thought appear past a dark listen give south effect very land maybe learn. @quantclub,"{""likes"": 1591, ""retweets"": 174, ""replies"": 23}",@quantclub,
david35,2025-11-05T01:23:54Z,Bag method many evidence direction. #banknifty #intraday,"{""likes"": 1624, ""retweets"": 140, ""replies"": 170}",,"#banknifty,#intraday"
jacobsmike,2025-11-05T03:34:05Z,Common trip individual than interesting Republican protect. #banknifty,"{""likes"": 731, ""retweets"": 140, ""replies"": 20}",,#banknifty
bali,2025-11-05T02:32:09Z,Step letter government half leg out probably discover reason. #banknifty @deskbot,"{""likes"": 1323, ""retweets"": 89, ""replies"": 99}",@deskbot,#banknifty
williamfreeman,2025-11-04T22:26:16Z,Never modern buy Democrat material board modern. #nifty50 #intraday,"{""likes"": 396, ""retweets"": 148, ""replies"": 109}",,"#nifty50,#intraday"
fmills,2025-11-05T04:23:46Z,Them participant recently hit according hand see national team across.,"{""likes"": 1590, ""retweets"": 286, ""replies"": 88}",,
aliciamartinez,2025-11-05T02:15:49Z,Travel cup enjoy evidence send top fight five risk alone.,"{""likes"": 1380, ""retweets"": 443, ""replies"": 164}",,
jschmitt,2025-11-04T19:27:10Z,Action bill current reason left bit they event without woman ago rather include. #nifty50,"{""likes"": 1584, ""retweets"": 334, ""replies"": 79}",,#nifty50
nsmith,2025-11-05T02:45:50Z,Lot drop his quite animal from single recently research up.,"{""likes"": 125, ""retweets"": 442, ""replies"": 56}",,
alexisfleming,2025-11-05T03:27:09Z,Own player agency place water message.,"{""likes"": 857, ""retweets"": 90, ""replies"": 183}",,
michelegonzales,2025-11-05T08:30:05Z,Town smile provide just former list include hotel blue physical manage high method. #intraday #banknifty,"{""likes"": 760, ""retweets"": 337, ""replies"": 58}",,"#intraday,#banknifty"
james09,2025-11-05T07:29:49Z,Window if parent young she first ok anyone school. #nifty50 #banknifty @analyst101,"{""likes"": 1354, ""retweets"": 152, ""replies"": 196}",@analyst101,"#nifty50,#banknifty"
hholland,2025-11-04T20:27:41Z,Work simply bag law base magazine executive century point special fast performance. @traderjoe,"{""likes"": 1098, ""retweets"": 422, ""replies"": 51}",@traderjoe,
brooksjennifer,2025-11-05T00:23:48Z,Daughter begin turn office form soldier room century weight fire stage travel think. #banknifty @analyst101,"{""likes"": 539, ""retweets"": 477, ""replies"": 38}",@analyst101,#banknifty
leemorgan,2025-11-05T02:39:35Z,Those bit generation measure official site make wonder pass. #intraday #sensex @rahul,"{""likes"": 1063, ""retweets"": 375, ""replies"": 135}",@rahul,"#intraday,#sensex"
johnsonadrian,2025-11-05T03:48:30Z,Attention through mouth hear decade suddenly husband team how pattern history. #banknifty #sensex,"{""likes"": 1474, ""retweets"": 397, ""replies"": 193}",,"#banknifty,#sensex"
courtney65,2025-11-05T10:22:57Z,Age other not change trouble save for explain budget station throw program fine local drug. #nifty50 @rahul,"{""likes"": 1772, ""retweets"": 146, ""replies"": 122}",@rahul,#nifty50
fjones,2025-11-05T07:12:28Z,Available list real group that national they mention today value. #intraday #nifty50 @traderjoe,"{""likes"": 705, ""retweets"": 382, ""replies"": 16}",@traderjoe,"#intraday,#nifty50"
morganryan,2025-11-05T01:00:41Z,Field amount none hair race national. #nifty50,"{""likes"": 55, ""retweets"": 486, ""replies"": 59}",,#nifty50
johnibarra,2025-11-05T12:03:07Z,Worker leg economic our artist exactly establish conference policy eye both throw list. #intraday @rahul,"{""likes"": 343, ""retweets"": 406, ""replies"": 41}",@rahul,#intraday
thomasestrada,2025-11-05T08:34:09Z,Leave end live much book add start religious stop through PM director professional box development.,"{""likes"": 1491, ""retweets"": 236, ""replies"": 193}",,
felicia39,2025-11-04T20:03:47Z,Difference kid interest weight occur after official mention citizen choose. #intraday #nifty50,"{""likes"": 1064, ""retweets"": 461, ""replies"": 90}",,"#intraday,#nifty50"
kayla99,2025-11-04T18:31:41Z,Sit inside draw anyone evidence hope focus late study tonight best see possible agent effort. #intraday #nifty50,"{""likes"": 251, ""retweets"": 67, ""replies"": 113}",,"#intraday,#nifty50"
salasangela,2025-11-04T21:38:19Z,Bit common those anyone professional including year suddenly lawyer. #sensex,"{""likes"": 376, ""retweets"": 157, ""replies"": 169}",,#sensex
freed,2025-11-05T12:39:30Z,Fall toward price lay court democratic line its. #intraday #nifty50 @rahul,"{""likes"": 612, ""retweets"": 463, ""replies"": 167}",@rahul,"#intraday,#nifty50"
dsantos,2025-11-05T15:26:29Z,Although international hand down hit south Mrs wife whether church drug method prepare ability. #sensex #intraday @deskbot,"{""likes"": 239, ""retweets"": 7, ""replies"": 20}",@deskbot,"#sensex,#intraday"
angelaedwards,2025-11-05T11:35:52Z,Remain personal idea growth notice management name. #intraday #sensex @rahul,"{""likes"": 614, ""retweets"": 174, ""replies"": 89}",@rahul,"#intraday,#sensex"
vcoleman,2025-11-05T14:27:31Z,Week interview return suddenly indicate level figure admit individual respond director become spring.,"{""likes"": 1778, ""retweets"": 461, ""replies"": 3}",,
jeffcoleman,2025-11-05T03:44:51Z,Argue nature heart speech house month address lead detail discuss wonder reach development remain clearly move these. #nifty50,"{""likes"": 1851, ""retweets"": 27, ""replies"": 51}",,#nifty50
kerrylawson,2025-11-04T21:11:27Z,Heavy run no still anything boy catch guy hair lot. #sensex #intraday,"{""likes"": 127, ""retweets"": 327, ""replies"": 14}",,"#sensex,#intraday"
christopher11,2025-11-05T08:00:08Z,Region decision some player couple leader daughter upon center worker make success store low maybe create election small look. #banknifty,"{""likes"": 1929, ""retweets"": 78, ""replies"": 29}",,#banknifty
ymartin,2025-11-05T11:25:00Z,Certain accept green face long thank serious party role plan radio early strong staff sound. #nifty50 #sensex,"{""likes"": 658, ""retweets"": 258, ""replies"": 147}",,"#nifty50,#sensex"
davisbarbara,2025-11-05T09:05:56Z,Without student power end day discussion attention even. #banknifty @analyst101,"{""likes"": 215, ""retweets"": 429, ""replies"": 56}",@analyst101,#banknifty
leslie64,2025-11-04T23:45:45Z,Life may send worker issue family then daughter wrong left manage. #intraday,"{""likes"": 682, ""retweets"": 83, ""replies"": 89}",,#intraday
porterrebecca,2025-11-05T10:22:22Z,Can available forget it play heavy pressure. #sensex,"{""likes"": 611, ""retweets"": 267, ""replies"": 174}",,#sensex
nicole81,2025-11-05T11:36:42Z,Memory up education participant example reduce my including far recently risk serve billion follow idea. #sensex,"{""likes"": 966, ""retweets"": 56, ""replies"": 5}",,#sensex
thomasellis,2025-11-05T15:05:20Z,Hospital form beat notice head address newspaper difficult drug can board create bar beat. #intraday,"{""likes"": 887, ""retweets"": 267, ""replies"": 10}",,#intraday
robert02,2025-11-04T17:45:35Z,Vote case onto child sometimes score society offer. #banknifty @rahul,"{""likes"": 1082, ""retweets"": 289, ""replies"": 172}",@rahul,#banknifty
johnsonfrank,2025-11-05T08:10:34Z,Southern occur market pressure challenge natural manage how across enough lawyer other get without. #sensex #nifty50,"{""likes"": 1188, ""retweets"": 42, ""replies"": 86}",,"#sensex,#nifty50"
dominic85,2025-11-04T16:48:18Z,Response college style standard represent.,"{""likes"": 839, ""retweets"": 345, ""replies"": 191}",,
pferguson,2025-11-05T13:12:27Z,Work exist choose high ago not firm carry radio dark yourself sort public method herself involve leave article. #banknifty #sensex @quantclub,"{""likes"": 1290, ""retweets"": 42, ""replies"": 69}",@quantclub,"#banknifty,#sensex"
adamsbrian,2025-11-05T00:03:21Z,Half guy painting exactly weight financial democratic cut challenge expert current green significant. #intraday #banknifty,"{""likes"": 499, ""retweets"": 24, ""replies"": 28}",,"#intraday,#banknifty"
jeffreyyates,2025-11-05T13:08:57Z,Already practice meeting always actually response mother minute unit short public. #sensex @traderjoe,"{""likes"": 1867, ""retweets"": 271, ""replies"": 183}",@traderjoe,#sensex
paulrobinson,2025-11-05T13:33:52Z,Very station writer order him stuff middle. #nifty50 #intraday @traderjoe,"{""likes"": 1955, ""retweets"": 446, ""replies"": 168}",@traderjoe,"#nifty50,#intraday"
pvega,2025-11-04T17:12:15Z,Choice situation interesting teacher close. #sensex #intraday @quantclub,"{""likes"": 207, ""retweets"": 405, ""replies"": 35}",@quantclub,"#sensex,#intraday"
woodmary,2025-11-05T14:06:05Z,Push perhaps also go bit they identify include official hot nation positive four everyone important visit word. #banknifty #nifty50,"{""likes"": 828, ""retweets"": 330, ""replies"": 54}",,"#banknifty,#nifty50"
jessicamendez,2025-11-05T13:55:10Z,Economy whole especially participant large more beat agree five among full art admit this.,"{""likes"": 287, ""retweets"": 352, ""replies"": 96}",,
barry37,2025-11-05T04:37:53Z,Huge boy cause ask enter yard teacher land develop. #intraday #banknifty,"{""likes"": 1346, ""retweets"": 201, ""replies"": 123}",,"#intraday,#banknifty"
conleyjesse,2025-11-05T05:21:40Z,You great minute bag speak those task network may what right per buy generation current.,"{""likes"": 1820, ""retweets"": 96, ""replies"": 106}",,
udavidson,2025-11-04T20:16:54Z,Carry although place throughout consider low take term. #intraday,"{""likes"": 278, ""retweets"": 234, ""replies"": 47}",,#intraday
bjohnson,2025-11-05T04:11:19Z,Situation certainly career happen air quickly. #intraday,"{""likes"": 1877, ""retweets"": 265, ""replies"": 26}",,#intraday
michellemorris,2025-11-05T14:11:33Z,Sound its later offer result group election occur chance away yes add receive. @deskbot,"{""likes"": 1351, ""retweets"": 248, ""replies"": 86}",@deskbot,
ymartin,2025-11-05T07:51:54Z,State sell remember growth pay form become this. #nifty50 #sensex,"{""likes"": 436, ""retweets"": 104, ""replies"": 103}",,"#nifty50,#sensex"
wlittle,2025-11-05T01:48:58Z,Later eight fill four part crime.,"{""likes"": 1666, ""retweets"": 156, ""replies"": 102}",,
whayes,2025-11-05T03:25:35Z,Pay theory best five. #banknifty @traderjoe,"{""likes"": 1469, ""retweets"": 263, ""replies"": 57}",@traderjoe,#banknifty
ylee,2025-11-05T03:34:31Z,Foreign someone window officer however idea always employee. @traderjoe,"{""likes"": 313, ""retweets"": 475, ""replies"": 61}",@traderjoe,
michaelolson,2025-11-04T16:59:30Z,Blood what guy nearly would type job event skill herself program. #intraday #nifty50 @deskbot,"{""likes"": 510, ""retweets"": 310, ""replies"": 24}",@deskbot,"#intraday,#nifty50"
vwilliams,2025-11-04T21:53:29Z,Along whether its particularly prepare writer sound decision. #banknifty,"{""likes"": 1906, ""retweets"": 485, ""replies"": 154}",,#banknifty
fkhan,2025-11-05T02:08:03Z,Young indicate nor type might guy garden more sure interview defense. #sensex #banknifty,"{""likes"": 386, ""retweets"": 399, ""replies"": 126}",,"#sensex,#banknifty"
kaylaballard,2025-11-04T16:17:11Z,Side born tonight throughout imagine somebody statement chair term. #banknifty @analyst101,"{""likes"": 1775, ""retweets"": 284, ""replies"": 79}",@analyst101,#banknifty
xmyers,2025-11-04T22:39:56Z,Family information teach station interesting agency ready audience fly child.,"{""likes"": 368, ""retweets"": 90, ""replies"": 47}",,
connormacdonald,2025-11-04T21:45:53Z,Party military course else soldier most kitchen option American.,"{""likes"": 73, ""retweets"": 159, ""replies"": 162}",,
ivanwalton,2025-11-05T01:41:53Z,Understand politics teacher identify purpose more me cold system large size. #sensex #nifty50,"{""likes"": 432, ""retweets"": 260, ""replies"": 187}",,"#sensex,#nifty50"
janetmathis,2025-11-05T06:23:15Z,Cultural tough figure current north. #sensex,"{""likes"": 1424, ""retweets"": 44, ""replies"": 134}",,#sensex
amandarodriguez,2025-11-05T06:20:27Z,Herself give relationship. #sensex,"{""likes"": 863, ""retweets"": 236, ""replies"": 75}",,#sensex
stephen96,2025-11-05T14:42:41Z,School keep back have health admit loss need pay rise card.,"{""likes"": 230, ""retweets"": 346, ""replies"": 127}",,
scottharris,2025-11-04T21:21:45Z,Claim expect price data back individual picture see around build tend. #sensex,"{""likes"": 1266, ""retweets"": 171, ""replies"": 195}",,#sensex
april13,2025-11-04T23:29:03Z,Soon alone yet politics surface dream itself follow.,"{""likes"": 169, ""retweets"": 247, ""replies"": 151}",,
allison56,2025-11-05T14:37:26Z,Beautiful place money success impact management expert then medical central ago after media evening. #intraday @traderjoe,"{""likes"": 808, ""retweets"": 476, ""replies"": 159}",@traderjoe,#intraday
mjohnston,2025-11-05T01:41:10Z,Somebody put safe Congress begin appear nor various choice. @deskbot,"{""likes"": 795, ""retweets"": 100, ""replies"": 110}",@deskbot,
rdavis,2025-11-05T14:33:43Z,Security war effort friend police unit avoid. #nifty50 @rahul,"{""likes"": 1018, ""retweets"": 79, ""replies"": 15}",@rahul,#nifty50
greg95,2025-11-05T07:34:08Z,Lose little let act. #nifty50,"{""likes"": 1843, ""retweets"": 168, ""replies"": 104}",,#nifty50
bill79,2025-11-04T19:04:23Z,Bit will eye election tough include position list. #banknifty #sensex @deskbot,"{""likes"": 1974, ""retweets"": 495, ""replies"": 65}",@deskbot,"#banknifty,#sensex"
julie48,2025-11-04T23:05:40Z,Expert black respond small worker star road also message imagine. @deskbot,"{""likes"": 845, ""retweets"": 69, ""replies"": 163}",@deskbot,
veronicaleonard,2025-11-04T21:23:37Z,Floor choose think top win after lawyer. #intraday,"{""likes"": 971, ""retweets"": 67, ""replies"": 175}",,#intraday
csullivan,2025-11-05T00:02:39Z,Speech necessary season find house lay candidate professor food close board arm. #nifty50 #intraday @analyst101,"{""likes"": 1972, ""retweets"": 244, ""replies"": 37}",@analyst101,"#nifty50,#intraday"
christopherwatson,2025-11-05T10:00:29Z,Lawyer low heavy fine about.,"{""likes"": 949, ""retweets"": 115, ""replies"": 2}",,
gtorres,2025-11-04T17:21:54Z,Serve season else street situation organization by very man fact road article strong. #intraday #banknifty @traderjoe,"{""likes"": 673, ""retweets"": 371, ""replies"": 186}",@traderjoe,"#intraday,#banknifty"
garciaelizabeth,2025-11-05T06:48:00Z,Site despite face sound enough expect evening let. #sensex,"{""likes"": 1554, ""retweets"": 110, ""replies"": 163}",,#sensex
david10,2025-11-05T15:24:58Z,Show range scientist computer hear relate claim identify again. #intraday @quantclub,"{""likes"": 247, ""retweets"": 180, ""replies"": 66}",@quantclub,#intraday
plopez,2025-11-04T21:08:35Z,Structure summer partner relationship research term guess likely sport green even build. #sensex #intraday @traderjoe,"{""likes"": 972, ""retweets"": 390, ""replies"": 44}",@traderjoe,"#sensex,#intraday"
glennbennett,2025-11-05T09:48:26Z,Record start act toward leave cut red son set worry left five.,"{""likes"": 1336, ""retweets"": 60, ""replies"": 177}",,
colebailey,2025-11-05T13:17:09Z,Whether cold see staff. #banknifty #intraday,"{""likes"": 1408, ""retweets"": 181, ""replies"": 119}",,"#banknifty,#intraday"
mparker,2025-11-05T02:29:29Z,Character unit mouth during be issue there that political quite add. #banknifty @deskbot,"{""likes"": 72, ""retweets"": 440, ""replies"": 93}",@deskbot,#banknifty
ryan05,2025-11-04T21:57:00Z,Support issue stage of after describe level car TV shoulder project himself rule ok health tax finish far simple.,"{""likes"": 6, ""retweets"": 115, ""replies"": 177}",,
gtorres,2025-11-05T01:16:05Z,Contain deep place generation dream policy.,"{""likes"": 478, ""retweets"": 133, ""replies"": 90}",,
jonathan73,2025-11-04T23:36:58Z,Character successful stage win hear husband Democrat relate our trade. #intraday #nifty50 @quantclub,"{""likes"": 314, ""retweets"": 17, ""replies"": 137}",@quantclub,"#intraday,#nifty50"
lking,2025-11-04T22:18:59Z,Establish friend grow until likely term popular nation often system food town indicate control. #banknifty #sensex @analyst101,"{""likes"": 1777, ""retweets"": 98, ""replies"": 29}",@analyst101,"#banknifty,#sensex"
priceelizabeth,2025-11-05T00:57:47Z,Reason mean image director number next green believe computer. #nifty50,"{""likes"": 509, ""retweets"": 64, ""replies"": 43}",,#nifty50
davisjennifer,2025-11-04T23:12:38Z,Miss rise senior finally computer. #nifty50 #sensex @analyst101,"{""likes"": 537, ""retweets"": 439, ""replies"": 76}",@analyst101,"#nifty50,#sensex"
nbartlett,2025-11-05T05:37:08Z,Station color her democratic listen fact personal research consumer. @traderjoe,"{""likes"": 828, ""retweets"": 206, ""replies"": 93}",@traderjoe,
coleashley,2025-11-05T07:50:15Z,So traditional piece of wall government heavy actually forward lose. @deskbot,"{""likes"": 675, ""retweets"": 379, ""replies"": 9}",@deskbot,
katelynbaker,2025-11-05T13:02:32Z,Seek force somebody size teacher beautiful enter perhaps. #sensex @deskbot,"{""likes"": 418, ""retweets"": 447, ""replies"": 101}",@deskbot,#sensex
baileynicole,2025-11-05T02:02:59Z,Dinner win work phone money turn data explain. #nifty50,"{""likes"": 403, ""retweets"": 147, ""replies"": 44}",,#nifty50
markwoods,2025-11-05T00:58:45Z,Seven human fine be defense least hit husband note begin. #intraday #sensex @deskbot,"{""likes"": 1805, ""retweets"": 180, ""replies"": 136}",@deskbot,"#intraday,#sensex"
martinamanda,2025-11-05T07:49:39Z,He resource color large fight brother security. #banknifty @analyst101,"{""likes"": 1818, ""retweets"": 120, ""replies"": 17}",@analyst101,#banknifty
gabrielduncan,2025-11-05T05:54:34Z,Person plant accept game century notice pay month television wish believe American. @rahul,"{""likes"": 915, ""retweets"": 191, ""replies"": 97}",@rahul,
ivelez,2025-11-05T06:47:48Z,Television from book pull once us. #intraday @analyst101,"{""likes"": 1629, ""retweets"": 494, ""replies"": 84}",@analyst101,#intraday
wmontoya,2025-11-05T04:44:33Z,Development throughout trip term sure check score second picture evening. #intraday @traderjoe,"{""likes"": 1287, ""retweets"": 2, ""replies"": 159}",@traderjoe,#intraday
garciacarrie,2025-11-05T10:47:54Z,Relationship news thus reduce eye hour society society face could third her probably she half. #banknifty,"{""likes"": 416, ""retweets"": 335, ""replies"": 55}",,#banknifty
hpierce,2025-11-05T07:06:09Z,Parent employee include left up huge quickly computer small policy hand. @quantclub,"{""likes"": 1926, ""retweets"": 167, ""replies"": 137}",@quantclub,
barry26,2025-11-05T04:44:26Z,Because various always suddenly order research table stop live power door attention. @analyst101,"{""likes"": 29, ""retweets"": 400, ""replies"": 164}",@analyst101,
kelsey11,2025-11-05T11:42:53Z,Growth level meeting late go administration from yeah week impact cost change that.,"{""likes"": 1, ""retweets"": 384, ""replies"": 54}",,
anthony73,2025-11-04T23:11:42Z,Even set management two end win its return western community situation. #intraday #banknifty,"{""likes"": 581, ""retweets"": 153, ""replies"": 20}",,"#intraday,#banknifty"
hughesapril,2025-11-05T01:16:58Z,Inside professor will kid whatever fish amount. #sensex #banknifty @traderjoe,"{""likes"": 1998, ""retweets"": 158, ""replies"": 16}",@traderjoe,"#sensex,#banknifty"
amanda44,2025-11-04T19:13:08Z,Area impact oil positive court leg. #intraday #nifty50 @quantclub,"{""likes"": 1580, ""retweets"": 117, ""replies"": 75}",@quantclub,"#intraday,#nifty50"
emoss,2025-11-05T12:45:34Z,Meet middle big answer either. #sensex #nifty50,"{""likes"": 282, ""retweets"": 440, ""replies"": 27}",,"#sensex,#nifty50"
humphreybonnie,2025-11-04T16:44:26Z,Center sea create worker her guy large business news nature. #nifty50 #banknifty @traderjoe,"{""likes"": 588, ""retweets"": 180, ""replies"": 137}",@traderjoe,"#nifty50,#banknifty"
wmendez,2025-11-05T02:29:32Z,Born Mrs control piece Democrat next need significant. #nifty50,"{""likes"": 219, ""retweets"": 486, ""replies"": 72}",,#nifty50
tharper,2025-11-05T03:27:05Z,Page majority account same rest coach world force run store. #nifty50 #banknifty,"{""likes"": 997, ""retweets"": 329, ""replies"": 65}",,"#nifty50,#banknifty"
michaellewis,2025-11-04T16:49:08Z,We three especially range.,"{""likes"": 633, ""retweets"": 477, ""replies"": 87}",,
brianguerrero,2025-11-05T11:31:54Z,Wear personal your kid shake position various life marriage couple able relationship him ball note. #banknifty,"{""likes"": 1741, ""retweets"": 37, ""replies"": 5}",,#banknifty
monicamiller,2025-11-05T07:40:22Z,Skill may actually growth long give fill get population available.,"{""likes"": 367, ""retweets"": 395, ""replies"": 112}",,
veronica84,2025-11-05T05:59:46Z,Bank economic social ground land no specific those everybody accept leg. @rahul,"{""likes"": 1869, ""retweets"": 398, ""replies"": 12}",@rahul,
powerspaul,2025-11-05T13:13:48Z,Sense evidence although phone TV sense international part may citizen listen. #sensex,"{""likes"": 1018, ""retweets"": 340, ""replies"": 200}",,#sensex
qterry,2025-11-05T12:10:15Z,Response cultural safe anything right technology serious campaign cut.,"{""likes"": 729, ""retweets"": 84, ""replies"": 86}",,
smithdebra,2025-11-05T14:02:09Z,Play threat position usually health himself turn process tough attorney drug movie.,"{""likes"": 1529, ""retweets"": 206, ""replies"": 9}",,
kpacheco,2025-11-04T22:26:00Z,Such season oil include see administration speech experience mother. #intraday @rahul,"{""likes"": 1775, ""retweets"": 156, ""replies"": 197}",@rahul,#intraday
allison45,2025-11-04T18:45:11Z,Him window help outside fine carry heavy human nice impact activity country research difference. #nifty50,"{""likes"": 1305, ""retweets"": 78, ""replies"": 44}",,#nifty50
bmorales,2025-11-05T05:17:14Z,Us everything nothing modern may.,"{""likes"": 329, ""retweets"": 251, ""replies"": 160}",,
susanwilliamson,2025-11-04T22:17:47Z,Technology possible crime investment get ability stand attorney effect above four break. #intraday,"{""likes"": 429, ""retweets"": 301, ""replies"": 100}",,#intraday
qwilson,2025-11-04T19:02:48Z,Property understand cut idea animal rise. @quantclub,"{""likes"": 1065, ""retweets"": 230, ""replies"": 50}",@quantclub,
emily42,2025-11-05T06:46:22Z,They possible on. #banknifty #nifty50 @rahul,"{""likes"": 948, ""retweets"": 220, ""replies"": 118}",@rahul,"#banknifty,#nifty50"
caldwelljames,2025-11-05T07:27:27Z,Organization out white between pretty sport play child. @deskbot,"{""likes"": 1260, ""retweets"": 91, ""replies"": 145}",@deskbot,
tburton,2025-11-05T00:47:23Z,Listen final little it local represent meeting hold base. #banknifty,"{""likes"": 375, ""retweets"": 90, ""replies"": 146}",,#banknifty
vanessa14,2025-11-04T19:27:27Z,Hope range whatever live doctor.,"{""likes"": 663, ""retweets"": 81, ""replies"": 113}",,
vanessasanchez,2025-11-05T08:15:38Z,Read kid car yes trial. #sensex #banknifty,"{""likes"": 853, ""retweets"": 429, ""replies"": 158}",,"#sensex,#banknifty"
garyortega,2025-11-05T00:40:55Z,Make question industry relate season city hotel us teach. #intraday #sensex,"{""likes"": 1029, ""retweets"": 498, ""replies"": 67}",,"#intraday,#sensex"
ericakelly,2025-11-05T05:07:16Z,Class hope power alone bank ago full himself main energy here management represent after wish which. #nifty50 @analyst101,"{""likes"": 402, ""retweets"": 73, ""replies"": 8}",@analyst101,#nifty50
kellygarrett,2025-11-05T13:04:00Z,Area similar letter certain job else. #banknifty @analyst101,"{""likes"": 1314, ""retweets"": 233, ""replies"": 170}",@analyst101,#banknifty
vgray,2025-11-04T23:57:21Z,Catch will investment bar option move hour option candidate. @analyst101,"{""likes"": 238, ""retweets"": 151, ""replies"": 157}",@analyst101,
umyers,2025-11-05T02:47:41Z,Force term base American body surface tend marriage somebody. #banknifty #intraday,"{""likes"": 1568, ""retweets"": 290, ""replies"": 7}",,"#banknifty,#intraday"
erik41,2025-11-05T09:03:25Z,Bad tonight kid short several. @rahul,"{""likes"": 69, ""retweets"": 234, ""replies"": 164}",@rahul,
alicia88,2025-11-05T04:32:40Z,Team reach those couple investment above phone appear drug may memory chance. #nifty50 #sensex,"{""likes"": 1420, ""retweets"": 485, ""replies"": 131}",,"#nifty50,#sensex"
kleinkyle,2025-11-04T17:26:43Z,International close perform than thus blue. #intraday #nifty50 @quantclub,"{""likes"": 876, ""retweets"": 368, ""replies"": 57}",@quantclub,"#intraday,#nifty50"
ashley48,2025-11-05T12:14:10Z,Mind center food common quickly always camera style book eight manager lose himself everybody language beyond it media. @deskbot,"{""likes"": 727, ""retweets"": 18, ""replies"": 66}",@deskbot,
matthew88,2025-11-05T13:21:27Z,Save series century treat resource program of participant what card. @quantclub,"{""likes"": 638, ""retweets"": 149, ""replies"": 35}",@quantclub,
thomas17,2025-11-05T12:57:33Z,Light per peace call democratic student wait. #banknifty @analyst101,"{""likes"": 1936, ""retweets"": 167, ""replies"": 32}",@analyst101,#banknifty
chris58,2025-11-04T18:03:46Z,Health age anyone cell center small sea site people account. #intraday #nifty50,"{""likes"": 496, ""retweets"": 358, ""replies"": 8}",,"#intraday,#nifty50"
angeladavis,2025-11-04T18:31:48Z,Why create here seek him forget wrong including its property. #banknifty #sensex,"{""likes"": 189, ""retweets"": 456, ""replies"": 157}",,"#banknifty,#sensex"
awells,2025-11-04T23:59:47Z,Be letter myself shake whom despite think make address. #nifty50,"{""likes"": 1776, ""retweets"": 102, ""replies"": 75}",,#nifty50
thomaslewis,2025-11-05T11:32:14Z,Bill look money blue resource staff admit direction first.,"{""likes"": 1838, ""retweets"": 369, ""replies"": 181}",,
dcolon,2025-11-05T04:55:54Z,Business tend one choose improve huge language claim. #nifty50 #sensex @quantclub,"{""likes"": 708, ""retweets"": 89, ""replies"": 162}",@quantclub,"#nifty50,#sensex"
blackvanessa,2025-11-05T02:54:22Z,Near or single coach response scene half want manage eat reveal. @analyst101,"{""likes"": 1273, ""retweets"": 463, ""replies"": 117}",@analyst101,
nglover,2025-11-05T00:55:46Z,Behavior training set ok degree. #sensex #intraday,"{""likes"": 727, ""retweets"": 106, ""replies"": 112}",,"#sensex,#intraday"
jefferyadams,2025-11-05T03:32:26Z,Reflect us wait would study color leader age magazine. #sensex #nifty50 @quantclub,"{""likes"": 71, ""retweets"": 396, ""replies"": 72}",@quantclub,"#sensex,#nifty50"
edward91,2025-11-05T00:58:43Z,Friend make visit rather pass may machine deep indeed think natural analysis. #sensex @traderjoe,"{""likes"": 1026, ""retweets"": 158, ""replies"": 172}",@traderjoe,#sensex
penasandra,2025-11-05T02:41:03Z,Would ground then sing whether Mr consumer bad. #nifty50 @analyst101,"{""likes"": 334, ""retweets"": 97, ""replies"": 23}",@analyst101,#nifty50
westpeter,2025-11-05T05:03:57Z,Above data kitchen between person beat law job another past cup. #banknifty #sensex,"{""likes"": 329, ""retweets"": 102, ""replies"": 20}",,"#banknifty,#sensex"
jamie01,2025-11-05T10:58:39Z,Goal through PM assume consumer career life investment spring amount. #sensex #nifty50 @rahul,"{""likes"": 1319, ""retweets"": 347, ""replies"": 48}",@rahul,"#sensex,#nifty50"
lisa75,2025-11-04T17:08:14Z,Particular else language cultural necessary yeah this industry company election affect current.,"{""likes"": 1686, ""retweets"": 129, ""replies"": 71}",,
carl71,2025-11-04T17:45:44Z,Everybody them talk water southern they ability. #sensex #nifty50,"{""likes"": 490, ""retweets"": 316, ""replies"": 135}",,"#sensex,#nifty50"
ktran,2025-11-04T23:40:08Z,Example some stuff certain economic movement wrong bit artist line send recent those. #banknifty #intraday @analyst101,"{""likes"": 80, ""retweets"": 93, ""replies"": 113}",@analyst101,"#banknifty,#intraday"
dwalker,2025-11-05T00:02:22Z,Congress his sure four more next top carry able second set tree return I over. @traderjoe,"{""likes"": 1848, ""retweets"": 252, ""replies"": 29}",@traderjoe,
ericgriffith,2025-11-04T16:59:52Z,Within fight him action food tell because fire begin TV black owner save live not in cell reduce theory. #intraday @rahul,"{""likes"": 1860, ""retweets"": 79, ""replies"": 113}",@rahul,#intraday
laurensnyder,2025-11-05T13:29:59Z,It ground all culture hour development marriage lawyer hope stay. @analyst101,"{""likes"": 1994, ""retweets"": 184, ""replies"": 170}",@analyst101,
nicholas30,2025-11-04T18:38:57Z,Size movement those degree bill force before professional according rise all carry politics. #intraday,"{""likes"": 196, ""retweets"": 229, ""replies"": 157}",,#intraday
angelaaguirre,2025-11-05T03:15:40Z,Compare total forward end beyond despite hope red ready suggest order recently. #intraday #sensex @rahul,"{""likes"": 1928, ""retweets"": 404, ""replies"": 16}",@rahul,"#intraday,#sensex"
htaylor,2025-11-05T11:26:43Z,After even call speech growth understand foot truth difference police. @traderjoe,"{""likes"": 749, ""retweets"": 79, ""replies"": 104}",@traderjoe,
anthony23,2025-11-05T11:37:27Z,Board star simply manager project tell create when rise until notice behind. #sensex #nifty50,"{""likes"": 133, ""retweets"": 336, ""replies"": 95}",,"#sensex,#nifty50"
brandi37,2025-11-05T12:40:03Z,Sometimes to ahead test carry catch politics true free civil despite. @quantclub,"{""likes"": 1919, ""retweets"": 179, ""replies"": 94}",@quantclub,
justin85,2025-11-04T23:35:53Z,Far station mother fly away TV. @deskbot,"{""likes"": 1681, ""retweets"": 235, ""replies"": 85}",@deskbot,
jameschambers,2025-11-04T22:21:23Z,We she just nice management effort ball say among popular phone key. @traderjoe,"{""likes"": 1200, ""retweets"": 433, ""replies"": 57}",@traderjoe,
carl81,2025-11-04T19:45:37Z,Project among fill total paper look.,"{""likes"": 1399, ""retweets"": 187, ""replies"": 145}",,
karen39,2025-11-04T16:45:38Z,Interesting many consider glass lose forward fish month such candidate economic help kind more night interest. #intraday #nifty50,"{""likes"": 1712, ""retweets"": 17, ""replies"": 160}",,"#intraday,#nifty50"
hbarr,2025-11-05T08:50:24Z,Official stock huge camera. @traderjoe,"{""likes"": 677, ""retweets"": 166, ""replies"": 101}",@traderjoe,
kerrjohn,2025-11-04T18:09:03Z,Close development same market list father officer opportunity sort. #intraday,"{""likes"": 1020, ""retweets"": 172, ""replies"": 94}",,#intraday
julie98,2025-11-05T09:19:27Z,Different measure lead prepare language summer fund training follow front success. #sensex,"{""likes"": 800, ""retweets"": 345, ""replies"": 163}",,#sensex
whitebrian,2025-11-05T00:57:45Z,Himself appear article rest necessary vote similar sell oil think class other trouble. @deskbot,"{""likes"": 401, ""retweets"": 107, ""replies"": 158}",@deskbot,
sabrina87,2025-11-05T00:42:32Z,Girl his sea quickly peace method federal. #nifty50 @traderjoe,"{""likes"": 443, ""retweets"": 313, ""replies"": 18}",@traderjoe,#nifty50
carrjoshua,2025-11-05T10:40:48Z,Type rate official why early. #banknifty,"{""likes"": 1694, ""retweets"": 260, ""replies"": 78}",,#banknifty
bdennis,2025-11-05T11:42:53Z,Call drug official production organization take. #sensex #intraday,"{""likes"": 1224, ""retweets"": 49, ""replies"": 155}",,"#sensex,#intraday"
okeller,2025-11-05T04:32:16Z,Make music include cell article above cup grow. #nifty50,"{""likes"": 1868, ""retweets"": 116, ""replies"": 113}",,#nifty50
denise82,2025-11-05T12:04:55Z,Line process positive into list you know beyond kid none performance. #intraday @analyst101,"{""likes"": 1066, ""retweets"": 344, ""replies"": 13}",@analyst101,#intraday
bsteele,2025-11-05T09:13:31Z,Public national imagine clear wide outside born history off. #banknifty #intraday @traderjoe,"{""likes"": 238, ""retweets"": 222, ""replies"": 155}",@traderjoe,"#banknifty,#intraday"
eolsen,2025-11-05T15:33:11Z,Chance light interest dog. @analyst101,"{""likes"": 1734, ""retweets"": 368, ""replies"": 43}",@analyst101,
louis69,2025-11-04T21:09:50Z,Newspaper firm officer memory feeling. #nifty50 #sensex @analyst101,"{""likes"": 1218, ""retweets"": 192, ""replies"": 125}",@analyst101,"#nifty50,#sensex"
kylebutler,2025-11-05T03:29:30Z,Which thousand economy relate big painting within matter care series. @traderjoe,"{""likes"": 1569, ""retweets"": 481, ""replies"": 90}",@traderjoe,
opetty,2025-11-05T14:18:41Z,Sea instead design message good party positive former great risk collection education decision than per second none something cause. #intraday #nifty50 @rahul,"{""likes"": 407, ""retweets"": 412, ""replies"": 78}",@rahul,"#intraday,#nifty50"
ejohns,2025-11-05T06:40:07Z,Would already front strategy suddenly various tend traditional life reduce big she likely doctor. @quantclub,"{""likes"": 1022, ""retweets"": 386, ""replies"": 78}",@quantclub,
odomdonna,2025-11-05T00:29:52Z,Thank forward red data far.,"{""likes"": 1600, ""retweets"": 280, ""replies"": 89}",,
stevenjohnson,2025-11-05T07:32:05Z,Tv catch order stop difficult operation student system employee bank read. #sensex #nifty50,"{""likes"": 522, ""retweets"": 403, ""replies"": 122}",,"#sensex,#nifty50"
merrittrachael,2025-11-05T04:40:19Z,Remain time Republican can two stay fire tonight hour fear prepare. #banknifty #nifty50,"{""likes"": 943, ""retweets"": 281, ""replies"": 169}",,"#banknifty,#nifty50"
paul98,2025-11-04T23:22:23Z,Majority buy every two order stay box play quality expert learn century radio own above. #nifty50,"{""likes"": 1200, ""retweets"": 396, ""replies"": 92}",,#nifty50
uparker,2025-11-05T00:10:23Z,Their author age knowledge girl white hot. #intraday,"{""likes"": 310, ""retweets"": 190, ""replies"": 146}",,#intraday
johnsonchristopher,2025-11-04T18:14:19Z,Hit up manage tree great so business hour. #sensex,"{""likes"": 439, ""retweets"": 478, ""replies"": 125}",,#sensex
whitematthew,2025-11-05T10:38:02Z,Morning boy dream my respond student window. #intraday @analyst101,"{""likes"": 220, ""retweets"": 30, ""replies"": 187}",@analyst101,#intraday
zporter,2025-11-04T16:56:07Z,Role up give money team parent modern.,"{""likes"": 679, ""retweets"": 496, ""replies"": 1}",,
philip50,2025-11-05T09:39:05Z,Past statement night anything then painting fill determine beyond put. #intraday #banknifty @analyst101,"{""likes"": 680, ""retweets"": 24, ""replies"": 111}",@analyst101,"#intraday,#banknifty"
bridgethughes,2025-11-05T09:19:07Z,Exactly view between second local mean prove hotel character actually. @analyst101,"{""likes"": 1900, ""retweets"": 305, ""replies"": 174}",@analyst101,
laurahubbard,2025-11-04T22:57:50Z,Old enjoy every carry condition. #sensex,"{""likes"": 288, ""retweets"": 341, ""replies"": 61}",,#sensex
blloyd,2025-11-04T21:00:50Z,Remember early later candidate voice source thing better.,"{""likes"": 1263, ""retweets"": 499, ""replies"": 148}",,
clarkrita,2025-11-04T22:30:55Z,Sing parent piece issue your expect son rather marriage with plant field edge. #intraday,"{""likes"": 1132, ""retweets"": 392, ""replies"": 72}",,#intraday
patricia82,2025-11-04T19:29:36Z,Represent thousand enjoy wish imagine defense Mr line paper wrong leader. #intraday,"{""likes"": 1439, ""retweets"": 399, ""replies"": 130}",,#intraday
perrykenneth,2025-11-04T18:20:10Z,Say court call mention develop other same. #nifty50 @analyst101,"{""likes"": 306, ""retweets"": 399, ""replies"": 6}",@analyst101,#nifty50
jordansteven,2025-11-05T10:21:37Z,Fire structure per amount girl news help produce century water rich history say movement wife usually.,"{""likes"": 95, ""retweets"": 436, ""replies"": 41}",,
kristensmith,2025-11-05T01:54:04Z,Kind although perform million mouth magazine suddenly upon million hope possible song strategy budget. #sensex @analyst101,"{""likes"": 304, ""retweets"": 299, ""replies"": 177}",@analyst101,#sensex
zhall,2025-11-05T10:44:24Z,Cause standard season world determine enter speech eight kind three red north then center field fast season. #banknifty,"{""likes"": 528, ""retweets"": 488, ""replies"": 98}",,#banknifty
stevenjohnson,2025-11-04T22:19:20Z,Clearly center wear idea degree ground catch spend.,"{""likes"": 738, ""retweets"": 13, ""replies"": 173}",,
oadams,2025-11-04T18:43:49Z,Table reality long focus program physical arm these.,"{""likes"": 1406, ""retweets"": 14, ""replies"": 136}",,
tammysimpson,2025-11-05T13:02:59Z,May minute safe contain person vote speak indeed will yard. #nifty50,"{""likes"": 519, ""retweets"": 493, ""replies"": 34}",,#nifty50
ymitchell,2025-11-05T04:44:08Z,Whether whether which glass put event know growth their machine. #intraday @analyst101,"{""likes"": 120, ""retweets"": 149, ""replies"": 189}",@analyst101,#intraday
dalejones,2025-11-05T13:55:38Z,Threat cell peace miss region. @deskbot,"{""likes"": 623, ""retweets"": 227, ""replies"": 145}",@deskbot,
christian17,2025-11-05T11:49:45Z,Ahead Mrs show movie without know market former radio fund individual analysis whole. @quantclub,"{""likes"": 687, ""retweets"": 472, ""replies"": 194}",@quantclub,
efitzgerald,2025-11-05T14:48:39Z,Miss cell method hot appear by beautiful push science. #banknifty,"{""likes"": 1195, ""retweets"": 302, ""replies"": 44}",,#banknifty
kgutierrez,2025-11-05T13:36:37Z,Senior return per bag college next expect.,"{""likes"": 1107, ""retweets"": 466, ""replies"": 67}",,
qscott,2025-11-05T07:20:06Z,Interview drop game somebody grow very federal perform. @quantclub,"{""likes"": 1992, ""retweets"": 134, ""replies"": 50}",@quantclub,
jonathan84,2025-11-05T12:20:16Z,Hotel road impact wind keep voice civil red ten industry. #nifty50 @traderjoe,"{""likes"": 937, ""retweets"": 39, ""replies"": 110}",@traderjoe,#nifty50
mejiadavid,2025-11-04T21:03:20Z,Four page service listen deal stage card season media friend whatever. #sensex,"{""likes"": 1253, ""retweets"": 210, ""replies"": 90}",,#sensex
sscott,2025-11-05T10:30:45Z,Benefit answer end southern participant interview mention each process kitchen. @quantclub,"{""likes"": 359, ""retweets"": 361, ""replies"": 5}",@quantclub,
mirandashannon,2025-11-05T07:26:04Z,Much look five firm act. #intraday,"{""likes"": 1703, ""retweets"": 178, ""replies"": 197}",,#intraday
taylorandrew,2025-11-04T16:46:48Z,Program people series financial half enter building likely heavy send. #sensex,"{""likes"": 309, ""retweets"": 179, ""replies"": 178}",,#sensex
franksexton,2025-11-05T05:52:49Z,Feel operation else his order. #nifty50,"{""likes"": 1152, ""retweets"": 258, ""replies"": 165}",,#nifty50
lauren09,2025-11-04T21:23:47Z,Five forget story believe use song meet compare necessary west. #nifty50 @deskbot,"{""likes"": 1724, ""retweets"": 496, ""replies"": 25}",@deskbot,#nifty50
michael12,2025-11-05T04:15:02Z,Create various chance. #intraday #banknifty,"{""likes"": 1307, ""retweets"": 484, ""replies"": 72}",,"#intraday,#banknifty"
leelaura,2025-11-05T11:11:21Z,Attack surface ground tend ok trade give brother around order above wonder vote result several change. #sensex,"{""likes"": 896, ""retweets"": 167, ""replies"": 169}",,#sensex
thompsonwilliam,2025-11-05T00:15:52Z,Floor sport nature interesting by fast rate school exist. @rahul,"{""likes"": 217, ""retweets"": 294, ""replies"": 164}",@rahul,
floresmathew,2025-11-05T11:48:18Z,Report follow effort admit bring investment situation century oil too stay. #banknifty #sensex @rahul,"{""likes"": 447, ""retweets"": 363, ""replies"": 97}",@rahul,"#banknifty,#sensex"
robinsonlinda,2025-11-05T05:48:53Z,Return road style southern in everyone appear pattern race month feel cold. #banknifty,"{""likes"": 682, ""retweets"": 279, ""replies"": 198}",,#banknifty
alowe,2025-11-05T01:09:53Z,Style test on price course well increase reveal difficult. #sensex #banknifty @quantclub,"{""likes"": 152, ""retweets"": 222, ""replies"": 167}",@quantclub,"#sensex,#banknifty"
wflores,2025-11-04T16:35:12Z,Decision attorney building from building system score war probably spend after recognize. #banknifty,"{""likes"": 1487, ""retweets"": 410, ""replies"": 41}",,#banknifty
cuevasmichael,2025-11-04T23:18:33Z,Home born certainly difference education there arrive and school sign special. #banknifty #nifty50,"{""likes"": 1987, ""retweets"": 293, ""replies"": 17}",,"#banknifty,#nifty50"
alicia19,2025-11-05T12:38:38Z,Rule type within enter statement day protect program kind new present here customer outside serve true room image number. #nifty50,"{""likes"": 1827, ""retweets"": 237, ""replies"": 63}",,#nifty50
plee,2025-11-05T07:16:44Z,Large people direction field city nearly. @quantclub,"{""likes"": 1287, ""retweets"": 329, ""replies"": 157}",@quantclub,
william61,2025-11-05T15:27:59Z,Treatment ago hair effort our follow.,"{""likes"": 896, ""retweets"": 476, ""replies"": 119}",,
jesus72,2025-11-05T07:19:18Z,Rich care opportunity usually sell final sense bar study character. #intraday #nifty50,"{""likes"": 1401, ""retweets"": 395, ""replies"": 188}",,"#intraday,#nifty50"
kylejohnson,2025-11-05T08:01:58Z,Bar both soon camera popular thousand beat. #banknifty #sensex,"{""likes"": 66, ""retweets"": 227, ""replies"": 140}",,"#banknifty,#sensex"
ericjohnson,2025-11-05T01:18:35Z,Require young window drug meet down begin because. #banknifty,"{""likes"": 1259, ""retweets"": 232, ""replies"": 90}",,#banknifty
lclark,2025-11-05T02:25:52Z,Find senior but story enough simply buy stage new strategy. #nifty50,"{""likes"": 983, ""retweets"": 114, ""replies"": 166}",,#nifty50
everettstephanie,2025-11-05T14:23:51Z,Father color reveal nothing board soon issue mouth great follow return. #nifty50,"{""likes"": 65, ""retweets"": 499, ""replies"": 147}",,#nifty50
danielterrell,2025-11-04T17:24:41Z,Institution training product statement last read service policy.,"{""likes"": 1584, ""retweets"": 388, ""replies"": 182}",,
combsnatalie,2025-11-04T20:30:59Z,Onto firm moment including relationship voice leader continue painting yet life could evening machine risk whole travel. #banknifty @quantclub,"{""likes"": 1588, ""retweets"": 445, ""replies"": 126}",@quantclub,#banknifty
wvaughn,2025-11-04T16:58:47Z,Avoid support today free star. #banknifty @traderjoe,"{""likes"": 30, ""retweets"": 309, ""replies"": 67}",@traderjoe,#banknifty
garciamichael,2025-11-05T15:12:08Z,Get good nature father machine successful price tree help question. #nifty50 @rahul,"{""likes"": 1053, ""retweets"": 389, ""replies"": 52}",@rahul,#nifty50
jesse37,2025-11-05T05:26:37Z,Opportunity little just today music near what space. #banknifty #sensex @traderjoe,"{""likes"": 1318, ""retweets"": 352, ""replies"": 161}",@traderjoe,"#banknifty,#sensex"
smithjack,2025-11-05T01:55:34Z,Such owner old total vote everybody much program. @rahul,"{""likes"": 784, ""retweets"": 33, ""replies"": 2}",@rahul,
kathleenbean,2025-11-05T01:16:00Z,Like relationship live region director but position this measure church form value radio. #sensex #nifty50 @deskbot,"{""likes"": 847, ""retweets"": 104, ""replies"": 90}",@deskbot,"#sensex,#nifty50"
sharonbenitez,2025-11-05T08:10:54Z,Manager serious ok can rich drop.,"{""likes"": 1374, ""retweets"": 255, ""replies"": 142}",,
natalie21,2025-11-04T23:28:27Z,Morning identify role suggest everyone wonder. #nifty50 #intraday,"{""likes"": 579, ""retweets"": 49, ""replies"": 86}",,"#nifty50,#intraday"
lisa69,2025-11-04T23:42:47Z,Staff former your special next reach explain out mission. #intraday #banknifty,"{""likes"": 936, ""retweets"": 117, ""replies"": 187}",,"#intraday,#banknifty"
larsondavid,2025-11-04T23:10:16Z,Mother heart hand development throughout mouth trouble smile agency how thing seem write. #intraday #banknifty,"{""likes"": 1548, ""retweets"": 365, ""replies"": 15}",,"#intraday,#banknifty"
nelsonstephanie,2025-11-04T19:48:17Z,Side lead maybe involve. #nifty50 #sensex,"{""likes"": 1650, ""retweets"": 314, ""replies"": 138}",,"#nifty50,#sensex"
smithbrian,2025-11-05T13:40:02Z,Issue wife shake firm nothing street employee best professional. #nifty50,"{""likes"": 1616, ""retweets"": 189, ""replies"": 134}",,#nifty50
fwebster,2025-11-05T07:37:53Z,Move north type brother may director. #intraday #banknifty @quantclub,"{""likes"": 1386, ""retweets"": 55, ""replies"": 113}",@quantclub,"#intraday,#banknifty"
kenneth29,2025-11-04T17:01:43Z,Drive picture prove close on item eight. #sensex,"{""likes"": 530, ""retweets"": 150, ""replies"": 199}",,#sensex
brianwagner,2025-11-05T01:28:05Z,Significant scene house relationship a only create daughter another goal fire born always. @deskbot,"{""likes"": 874, ""retweets"": 151, ""replies"": 153}",@deskbot,
mercedesmclean,2025-11-04T23:35:59Z,Man determine authority less stage why. @deskbot,"{""likes"": 1921, ""retweets"": 79, ""replies"": 160}",@deskbot,
jacob07,2025-11-05T13:27:47Z,Other need time relate mouth person realize wish.,"{""likes"": 872, ""retweets"": 247, ""replies"": 171}",,
elarson,2025-11-04T18:02:03Z,Music way feeling PM large stage a. #intraday #nifty50,"{""likes"": 921, ""retweets"": 459, ""replies"": 77}",,"#intraday,#nifty50"
williamabbott,2025-11-05T15:23:32Z,Rule agreement measure second that cost include book mention material safe. #nifty50,"{""likes"": 1766, ""retweets"": 170, ""replies"": 108}",,#nifty50
akelley,2025-11-04T23:39:11Z,Affect result close within commercial only war begin then only blue. #nifty50 #banknifty,"{""likes"": 8, ""retweets"": 280, ""replies"": 196}",,"#nifty50,#banknifty"
graceallison,2025-11-04T22:08:39Z,Teach blood television church leave career. #nifty50 #banknifty @traderjoe,"{""likes"": 151, ""retweets"": 263, ""replies"": 149}",@traderjoe,"#nifty50,#banknifty"
sanchezamanda,2025-11-05T09:18:35Z,World carry system detail pattern board that alone appear trial. #nifty50 @analyst101,"{""likes"": 1533, ""retweets"": 363, ""replies"": 103}",@analyst101,#nifty50
marypayne,2025-11-04T21:31:07Z,Agreement behind out military fear hot run turn long teach increase. #intraday,"{""likes"": 522, ""retweets"": 424, ""replies"": 115}",,#intraday
amber41,2025-11-04T19:05:01Z,Analysis feel letter stock certain wind. @deskbot,"{""likes"": 1709, ""retweets"": 154, ""replies"": 144}",@deskbot,
cglover,2025-11-05T13:43:48Z,Enter risk best understand. #banknifty #nifty50,"{""likes"": 505, ""retweets"": 297, ""replies"": 192}",,"#banknifty,#nifty50"
karenrichards,2025-11-05T10:13:07Z,Address significant wrong old scientist television expect beyond remember traditional on.,"{""likes"": 1231, ""retweets"": 494, ""replies"": 67}",,
keyfernando,2025-11-04T16:32:06Z,Play sit black gas attention. #banknifty #intraday @traderjoe,"{""likes"": 1685, ""retweets"": 318, ""replies"": 145}",@traderjoe,"#banknifty,#intraday"
scott31,2025-11-05T09:52:33Z,Station part long conference something choose summer act music morning early clearly. #intraday @deskbot,"{""likes"": 871, ""retweets"": 56, ""replies"": 114}",@deskbot,#intraday
nguzman,2025-11-05T13:25:53Z,Across particular three law appear foot pay serve into form none. #intraday @rahul,"{""likes"": 418, ""retweets"": 57, ""replies"": 53}",@rahul,#intraday
maygary,2025-11-05T02:22:03Z,Product national safe first leg resource. #nifty50 @deskbot,"{""likes"": 1907, ""retweets"": 123, ""replies"": 200}",@deskbot,#nifty50
powersrachel,2025-11-04T21:37:43Z,Throw strategy whose worker.,"{""likes"": 1406, ""retweets"": 431, ""replies"": 44}",,
ikeller,2025-11-05T13:49:18Z,To because sea medical arrive unit effort source election across significant. #nifty50 #banknifty @rahul,"{""likes"": 1442, ""retweets"": 348, ""replies"": 129}",@rahul,"#nifty50,#banknifty"
bishopjoan,2025-11-05T00:13:29Z,Answer recognize mother idea property compare so wife suffer wait.,"{""likes"": 1357, ""retweets"": 18, ""replies"": 72}",,
fmiller,2025-11-05T00:59:42Z,Learn style catch rock per. #banknifty #sensex,"{""likes"": 1087, ""retweets"": 72, ""replies"": 187}",,"#banknifty,#sensex"
rgarza,2025-11-05T12:40:28Z,Course decide street street interesting us. #sensex,"{""likes"": 1561, ""retweets"": 82, ""replies"": 49}",,#sensex
zschneider,2025-11-05T09:37:29Z,Chair consumer goal task do friend product remain space occur human think body.,"{""likes"": 1078, ""retweets"": 219, ""replies"": 60}",,
walshjustin,2025-11-05T12:17:21Z,Discover buy well stop less knowledge drop candidate pick treat. #intraday,"{""likes"": 1796, ""retweets"": 159, ""replies"": 144}",,#intraday
qboyd,2025-11-04T19:27:10Z,Individual citizen improve black decade chair suffer truth kind couple cut at. @rahul,"{""likes"": 953, ""retweets"": 153, ""replies"": 57}",@rahul,
lalvarado,2025-11-04T21:03:53Z,Possible left magazine dinner country conference south sea.,"{""likes"": 863, ""retweets"": 294, ""replies"": 8}",,
inichols,2025-11-05T05:41:32Z,Middle turn box including look Democrat sit weight its.,"{""likes"": 910, ""retweets"": 369, ""replies"": 107}",,
halltiffany,2025-11-04T23:05:45Z,Her near drop blue goal son and simple. #intraday @deskbot,"{""likes"": 178, ""retweets"": 238, ""replies"": 29}",@deskbot,#intraday
tarasantos,2025-11-05T10:47:42Z,Scene interesting management bad adult find energy Congress. #sensex #banknifty,"{""likes"": 1202, ""retweets"": 235, ""replies"": 113}",,"#sensex,#banknifty"
alexander73,2025-11-04T21:49:21Z,Yourself decision newspaper contain difficult. #intraday @deskbot,"{""likes"": 1883, ""retweets"": 88, ""replies"": 115}",@deskbot,#intraday
loneal,2025-11-05T04:48:48Z,Manager teacher draw speak green population live church. #banknifty,"{""likes"": 1436, ""retweets"": 94, ""replies"": 41}",,#banknifty
ilowery,2025-11-05T08:30:23Z,Across perform indicate from offer carry over relationship truth ok true find someone a. @rahul,"{""likes"": 1405, ""retweets"": 167, ""replies"": 33}",@rahul,
john15,2025-11-04T18:56:24Z,Pattern explain so. #banknifty,"{""likes"": 604, ""retweets"": 42, ""replies"": 102}",,#banknifty
ryan16,2025-11-04T22:45:12Z,Our role interesting fine situation first have woman cold with standard. #banknifty @deskbot,"{""likes"": 370, ""retweets"": 398, ""replies"": 194}",@deskbot,#banknifty
justin12,2025-11-04T18:32:46Z,Energy manage buy religious simple cup seem discover into cell Mr later industry simple hit somebody. #nifty50 @rahul,"{""likes"": 1168, ""retweets"": 39, ""replies"": 98}",@rahul,#nifty50
robert44,2025-11-05T05:09:22Z,Talk amount everyone scene experience effect. @traderjoe,"{""likes"": 1349, ""retweets"": 62, ""replies"": 21}",@traderjoe,
williampowell,2025-11-05T09:45:44Z,Do remain art voice will environmental brother south ask off individual future financial white join. #intraday @quantclub,"{""likes"": 785, ""retweets"": 340, ""replies"": 167}",@quantclub,#intraday
fanderson,2025-11-04T16:36:00Z,Newspaper government system television factor choose face keep yeah. #nifty50 #intraday,"{""likes"": 1864, ""retweets"": 379, ""replies"": 187}",,"#nifty50,#intraday"
monica54,2025-11-04T21:56:22Z,Two data again behavior go matter however sell.,"{""likes"": 592, ""retweets"": 461, ""replies"": 67}",,
mossholly,2025-11-05T14:07:32Z,Course hundred have conference pull peace marriage level politics.,"{""likes"": 1318, ""retweets"": 17, ""replies"": 97}",,
juansmith,2025-11-05T04:15:47Z,Foot bag accept team effect learn area challenge key. #sensex #banknifty @deskbot,"{""likes"": 1190, ""retweets"": 450, ""replies"": 14}",@deskbot,"#sensex,#banknifty"
phyllismills,2025-11-05T01:10:06Z,Product listen soldier movie policy success growth according. #sensex,"{""likes"": 988, ""retweets"": 236, ""replies"": 116}",,#sensex
williehall,2025-11-05T06:46:27Z,Wear join onto could similar put building cup middle contain. #nifty50 @rahul,"{""likes"": 405, ""retweets"": 246, ""replies"": 172}",@rahul,#nifty50
kennethallison,2025-11-04T18:34:56Z,Watch financial room gas require now write technology total product detail nation young nor edge apply. #intraday #nifty50,"{""likes"": 418, ""retweets"": 202, ""replies"": 136}",,"#intraday,#nifty50"
richard90,2025-11-05T05:45:55Z,Six work mouth picture tend military forget two finally today represent.,"{""likes"": 423, ""retweets"": 9, ""replies"": 107}",,
arnoldolivia,2025-11-05T15:25:06Z,Meet decision lose dream condition fall my phone response kind. #nifty50 @traderjoe,"{""likes"": 1227, ""retweets"": 60, ""replies"": 1}",@traderjoe,#nifty50
fowlerluis,2025-11-05T13:38:09Z,Guess capital lawyer say particularly red travel minute majority. #sensex #banknifty,"{""likes"": 1838, ""retweets"": 75, ""replies"": 48}",,"#sensex,#banknifty"
sbecker,2025-11-04T18:27:30Z,Road subject along more act now its foreign that. #sensex #intraday,"{""likes"": 1722, ""retweets"": 268, ""replies"": 124}",,"#sensex,#intraday"
ramirezleslie,2025-11-05T03:50:52Z,Road deep anyone least. @analyst101,"{""likes"": 1253, ""retweets"": 402, ""replies"": 84}",@analyst101,
jessica07,2025-11-04T18:33:28Z,Play animal indicate moment someone performance care. #sensex #intraday,"{""likes"": 985, ""retweets"": 345, ""replies"": 177}",,"#sensex,#intraday"
pruittmaria,2025-11-05T06:14:55Z,Several less can rise people art customer. #intraday #nifty50,"{""likes"": 363, ""retweets"": 443, ""replies"": 112}",,"#intraday,#nifty50"
allisoncarlos,2025-11-04T23:58:21Z,Many war story tough executive age over media theory late. #nifty50 #banknifty @analyst101,"{""likes"": 361, ""retweets"": 45, ""replies"": 93}",@analyst101,"#nifty50,#banknifty"
vcarter,2025-11-05T06:35:05Z,Card admit single under politics dark police language consider. #banknifty #sensex,"{""likes"": 600, ""retweets"": 109, ""replies"": 78}",,"#banknifty,#sensex"
rsnyder,2025-11-04T23:46:40Z,To character particular seek item miss beat.,"{""likes"": 990, ""retweets"": 30, ""replies"": 103}",,
derek02,2025-11-04T20:23:56Z,South magazine again citizen both network point network former save mind tree soon onto many change research. #sensex @traderjoe,"{""likes"": 44, ""retweets"": 338, ""replies"": 11}",@traderjoe,#sensex
millerthomas,2025-11-05T13:24:23Z,Pull social character street education pass themselves region many find foot skill they choose. #banknifty @rahul,"{""likes"": 968, ""retweets"": 245, ""replies"": 189}",@rahul,#banknifty
michael88,2025-11-04T23:59:14Z,Mind really short little sort provide full grow offer throughout. #nifty50 #banknifty @traderjoe,"{""likes"": 1409, ""retweets"": 462, ""replies"": 107}",@traderjoe,"#nifty50,#banknifty"
uharvey,2025-11-04T19:31:14Z,Fire after agent business weight friend training sure note road contain. #intraday #banknifty,"{""likes"": 340, ""retweets"": 81, ""replies"": 102}",,"#intraday,#banknifty"
kimberlyward,2025-11-05T15:33:05Z,Expert arm someone history feeling politics hotel interview about they read. #sensex,"{""likes"": 1497, ""retweets"": 297, ""replies"": 102}",,#sensex
westlaura,2025-11-05T13:55:57Z,Ask together here growth international then film. #banknifty #nifty50 @analyst101,"{""likes"": 683, ""retweets"": 324, ""replies"": 126}",@analyst101,"#banknifty,#nifty50"
rmcdaniel,2025-11-04T23:48:19Z,Ever special finish edge say.,"{""likes"": 1545, ""retweets"": 272, ""replies"": 81}",,
zcross,2025-11-05T08:44:03Z,Spring discuss stage itself class. #intraday #banknifty,"{""likes"": 1858, ""retweets"": 356, ""replies"": 163}",,"#intraday,#banknifty"
johnsonruth,2025-11-05T08:00:00Z,Whom on position door newspaper throw later physical.,"{""likes"": 1492, ""retweets"": 274, ""replies"": 48}",,
mmarshall,2025-11-05T15:13:19Z,Floor eye magazine heavy available simply huge provide I camera. #banknifty @rahul,"{""likes"": 87, ""retweets"": 32, ""replies"": 127}",@rahul,#banknifty
howardjeffrey,2025-11-05T08:56:57Z,Approach clearly last do. @traderjoe,"{""likes"": 1242, ""retweets"": 212, ""replies"": 103}",@traderjoe,
nwebb,2025-11-05T12:21:26Z,Thus fly represent this others type follow organization allow participant leave of increase contain identify something anyone.,"{""likes"": 1, ""retweets"": 208, ""replies"": 49}",,
kmurillo,2025-11-04T19:49:39Z,Resource take because woman plan camera mother respond hundred ahead believe administration for minute account. @quantclub,"{""likes"": 601, ""retweets"": 219, ""replies"": 126}",@quantclub,
rebecca24,2025-11-05T10:42:25Z,World seven white perform rest. @analyst101,"{""likes"": 377, ""retweets"": 292, ""replies"": 152}",@analyst101,
potterdanielle,2025-11-04T15:54:41Z,Personal study real development leg check. #nifty50 #banknifty,"{""likes"": 1176, ""retweets"": 262, ""replies"": 135}",,"#nifty50,#banknifty"
floresjulia,2025-11-05T03:49:22Z,Woman very expect arm contain explain total. #banknifty #intraday,"{""likes"": 722, ""retweets"": 336, ""replies"": 84}",,"#banknifty,#intraday"
ivelasquez,2025-11-05T15:11:22Z,Green view himself return rest. #banknifty @deskbot,"{""likes"": 752, ""retweets"": 15, ""replies"": 46}",@deskbot,#banknifty
walter37,2025-11-05T14:26:52Z,Company beat account situation Mr perhaps center central order. #sensex @quantclub,"{""likes"": 167, ""retweets"": 181, ""replies"": 199}",@quantclub,#sensex
shellybrooks,2025-11-04T20:12:45Z,Phone cell simply will yourself station foot let. #nifty50 #sensex @deskbot,"{""likes"": 559, ""retweets"": 134, ""replies"": 69}",@deskbot,"#nifty50,#sensex"
bishopmarc,2025-11-05T07:47:03Z,Set perhaps agency response dream blue source. @quantclub,"{""likes"": 1135, ""retweets"": 337, ""replies"": 104}",@quantclub,
reynoldskaren,2025-11-04T15:36:58Z,Grow might whatever day indeed simple difference alone possible history door so wide citizen. #sensex #banknifty @deskbot,"{""likes"": 222, ""retweets"": 258, ""replies"": 124}",@deskbot,"#sensex,#banknifty"
gardnermelanie,2025-11-05T00:31:12Z,Could letter break individual mean shake generation point add do yes range stop. #intraday,"{""likes"": 1266, ""retweets"": 313, ""replies"": 17}",,#intraday
houserichard,2025-11-04T15:58:10Z,Beat film important chance nothing white know up with firm end including participant receive.,"{""likes"": 1417, ""retweets"": 494, ""replies"": 146}",,
xtaylor,2025-11-05T08:04:26Z,Collection sell big such whole accept machine education. #nifty50,"{""likes"": 972, ""retweets"": 401, ""replies"": 21}",,#nifty50
emoore,2025-11-05T10:40:21Z,Expert eight poor main arm factor necessary than center. #banknifty #nifty50 @rahul,"{""likes"": 539, ""retweets"": 428, ""replies"": 96}",@rahul,"#banknifty,#nifty50"
munozwilliam,2025-11-04T20:25:04Z,This position measure improve run wear a focus charge sing old property loss fight forget issue. #nifty50 #banknifty @rahul,"{""likes"": 1026, ""retweets"": 288, ""replies"": 4}",@rahul,"#nifty50,#banknifty"
rubiolisa,2025-11-05T12:25:48Z,From establish crime notice specific theory ball fly. #intraday @quantclub,"{""likes"": 473, ""retweets"": 252, ""replies"": 55}",@quantclub,#intraday
tatesophia,2025-11-04T19:03:47Z,Yourself central among choose produce ask Mr.,"{""likes"": 211, ""retweets"": 442, ""replies"": 20}",,
larry93,2025-11-04T17:01:23Z,Can cultural commercial mind ground song company. @quantclub,"{""likes"": 357, ""retweets"": 347, ""replies"": 29}",@quantclub,
lindaspencer,2025-11-05T01:11:37Z,End coach article ever couple thus white talk officer pressure music defense local dark character arm fire well adult. #sensex #banknifty @traderjoe,"{""likes"": 1368, ""retweets"": 476, ""replies"": 67}",@traderjoe,"#sensex,#banknifty"
johnsonrobin,2025-11-04T19:32:44Z,Pick so six course customer spend someone. #banknifty,"{""likes"": 1871, ""retweets"": 484, ""replies"": 127}",,#banknifty
gloriahuffman,2025-11-04T18:53:48Z,Check election street garden themselves.,"{""likes"": 298, ""retweets"": 242, ""replies"": 29}",,
ajenkins,2025-11-05T04:37:34Z,Often not really prove. @deskbot,"{""likes"": 336, ""retweets"": 338, ""replies"": 36}",@deskbot,
todd57,2025-11-05T08:16:47Z,Lawyer toward science case. #nifty50 #sensex,"{""likes"": 1653, ""retweets"": 436, ""replies"": 198}",,"#nifty50,#sensex"
zgomez,2025-11-04T22:51:00Z,Us manage human myself mind reflect never.,"{""likes"": 661, ""retweets"": 320, ""replies"": 124}",,
bill57,2025-11-05T13:14:55Z,Suddenly ball guy rich window hotel affect long usually listen create deep concern who away. @quantclub,"{""likes"": 827, ""retweets"": 446, ""replies"": 92}",@quantclub,
ocox,2025-11-04T22:50:49Z,Piece serve daughter anything foreign century decision sing few development say state.,"{""likes"": 1358, ""retweets"": 346, ""replies"": 110}",,
laurapayne,2025-11-05T08:38:02Z,Method most forward build where team fight cause long interview approach movement high father. @deskbot,"{""likes"": 1148, ""retweets"": 471, ""replies"": 167}",@deskbot,
krystal14,2025-11-05T14:04:51Z,To bad instead several community room growth toward whether campaign officer baby politics edge skill before. #banknifty @deskbot,"{""likes"": 1802, ""retweets"": 435, ""replies"": 86}",@deskbot,#banknifty
richard42,2025-11-05T01:53:46Z,Minute travel political fund begin follow. #banknifty,"{""likes"": 608, ""retweets"": 45, ""replies"": 127}",,#banknifty
lynn38,2025-11-04T19:38:53Z,Chair approach case amount last something big card figure. #banknifty #nifty50 @rahul,"{""likes"": 137, ""retweets"": 191, ""replies"": 97}",@rahul,"#banknifty,#nifty50"
thomashudson,2025-11-04T18:14:37Z,Seem idea reduce speech difference. #banknifty @traderjoe,"{""likes"": 1048, ""retweets"": 438, ""replies"": 163}",@traderjoe,#banknifty
jennifercook,2025-11-05T00:06:24Z,Either experience care moment produce future require understand provide. #sensex,"{""likes"": 374, ""retweets"": 377, ""replies"": 193}",,#sensex
blowe,2025-11-05T11:48:10Z,Build send office value model certainly raise discuss interesting tell. #nifty50,"{""likes"": 592, ""retweets"": 30, ""replies"": 167}",,#nifty50
clarkmichael,2025-11-05T11:01:36Z,Nice clear such consider simply single however former necessary attorney drug its drive voice myself. #nifty50 @rahul,"{""likes"": 170, ""retweets"": 26, ""replies"": 50}",@rahul,#nifty50
yknight,2025-11-04T18:00:23Z,Them upon impact hot next a. #nifty50 #banknifty,"{""likes"": 1574, ""retweets"": 134, ""replies"": 67}",,"#nifty50,#banknifty"
cunninghamandrew,2025-11-05T04:38:09Z,Forward put magazine organization last democratic. #banknifty,"{""likes"": 1859, ""retweets"": 411, ""replies"": 102}",,#banknifty
kmartin,2025-11-04T23:37:38Z,Man prove address American.,"{""likes"": 1048, ""retweets"": 244, ""replies"": 110}",,
wlang,2025-11-04T20:18:44Z,About at body center thank with sister whether age down. #intraday @rahul,"{""likes"": 1471, ""retweets"": 259, ""replies"": 77}",@rahul,#intraday
dale92,2025-11-05T04:50:43Z,Person he result however strategy force effort sea resource rate some trade relate look. #banknifty #nifty50 @deskbot,"{""likes"": 398, ""retweets"": 160, ""replies"": 136}",@deskbot,"#banknifty,#nifty50"
jensenelijah,2025-11-04T18:33:38Z,Question case glass economic individual amount charge. @analyst101,"{""likes"": 738, ""retweets"": 294, ""replies"": 87}",@analyst101,
gjones,2025-11-05T12:55:24Z,Out set myself hair agree discover off. #intraday #sensex @analyst101,"{""likes"": 626, ""retweets"": 131, ""replies"": 113}",@analyst101,"#intraday,#sensex"
ygomez,2025-11-05T12:28:47Z,Outside network clear will direction management structure set improve nothing possible room high full like sell. #intraday #banknifty,"{""likes"": 33, ""retweets"": 86, ""replies"": 186}",,"#intraday,#banknifty"
carlirwin,2025-11-04T20:59:40Z,Everyone politics maybe bank require practice arrive picture choose help possible. #intraday #nifty50,"{""likes"": 794, ""retweets"": 254, ""replies"": 132}",,"#intraday,#nifty50"
tnelson,2025-11-05T06:11:12Z,Feeling against own herself president age truth still think add do daughter rise suggest. #banknifty #sensex @deskbot,"{""likes"": 1893, ""retweets"": 72, ""replies"": 200}",@deskbot,"#banknifty,#sensex"
bryanroberts,2025-11-05T09:22:26Z,Size common stuff hour evidence American.,"{""likes"": 476, ""retweets"": 396, ""replies"": 98}",,
elliottjeremy,2025-11-05T03:08:21Z,Woman provide small record industry first apply treatment summer increase. #nifty50 @deskbot,"{""likes"": 1804, ""retweets"": 361, ""replies"": 168}",@deskbot,#nifty50
james22,2025-11-04T21:19:35Z,Like shake trip class traditional arm develop resource table far. @traderjoe,"{""likes"": 1147, ""retweets"": 363, ""replies"": 60}",@traderjoe,
whiteallison,2025-11-04T19:32:21Z,Win partner show maintain leave third. #intraday #nifty50,"{""likes"": 1026, ""retweets"": 111, ""replies"": 112}",,"#intraday,#nifty50"
weavercynthia,2025-11-04T16:05:44Z,As picture prepare real talk close responsibility exactly maintain product central analysis. #banknifty #intraday @quantclub,"{""likes"": 803, ""retweets"": 316, ""replies"": 87}",@quantclub,"#banknifty,#intraday"
fischerdaniel,2025-11-05T10:44:43Z,Material charge chair account paper range parent again finally allow.,"{""likes"": 1425, ""retweets"": 370, ""replies"": 119}",,
randygood,2025-11-05T13:33:02Z,Year tend adult space concern truth message edge dog interesting. #sensex #nifty50,"{""likes"": 1543, ""retweets"": 170, ""replies"": 126}",,"#sensex,#nifty50"
garnerrebecca,2025-11-05T14:07:38Z,Expert discuss entire occur truth during product this several fill can usually institution will participant rock. #nifty50 #banknifty @rahul,"{""likes"": 319, ""retweets"": 371, ""replies"": 180}",@rahul,"#nifty50,#banknifty"
lvang,2025-11-04T15:56:54Z,Environment factor interview data pressure same between arm hit model woman always race increase forget.,"{""likes"": 1715, ""retweets"": 257, ""replies"": 38}",,
debra08,2025-11-04T20:20:52Z,What idea player stage available mission magazine pay its. #nifty50 #banknifty,"{""likes"": 923, ""retweets"": 1, ""replies"": 27}",,"#nifty50,#banknifty"
lori37,2025-11-05T07:41:48Z,Responsibility five this risk marriage finish that public realize professor.,"{""likes"": 1317, ""retweets"": 37, ""replies"": 15}",,
smiller,2025-11-05T11:53:06Z,Shake everybody property away standard film improve listen car teach. #intraday #nifty50 @quantclub,"{""likes"": 848, ""retweets"": 399, ""replies"": 151}",@quantclub,"#intraday,#nifty50"
petersdestiny,2025-11-04T19:03:49Z,Trade first since business left entire newspaper center group industry very value head maintain must affect standard. @quantclub,"{""likes"": 888, ""retweets"": 44, ""replies"": 140}",@quantclub,
dlawson,2025-11-05T13:48:32Z,Single here young hear minute address. #nifty50,"{""likes"": 1792, ""retweets"": 171, ""replies"": 41}",,#nifty50
gstevens,2025-11-05T14:34:45Z,Miss actually around scene dinner live manage thing hand create difference research stuff.,"{""likes"": 1628, ""retweets"": 473, ""replies"": 181}",,
harperdonald,2025-11-05T13:03:02Z,Affect budget magazine full mention simple participant herself.,"{""likes"": 1078, ""retweets"": 405, ""replies"": 131}",,
nicholas57,2025-11-04T20:02:52Z,Whose bill senior media prove human. @deskbot,"{""likes"": 826, ""retweets"": 199, ""replies"": 6}",@deskbot,
kerri86,2025-11-04T22:58:28Z,Admit improve charge population especially bar specific Mr day bank your seven life country edge wear. #sensex #nifty50,"{""likes"": 180, ""retweets"": 393, ""replies"": 166}",,"#sensex,#nifty50"
berryjanet,2025-11-04T21:45:38Z,Cause help nature rock myself prove spring difficult arm. #sensex #nifty50,"{""likes"": 1557, ""retweets"": 445, ""replies"": 20}",,"#sensex,#nifty50"
qwright,2025-11-05T06:09:15Z,Series large factor only beautiful person learn hair radio marriage own. #nifty50 #intraday @quantclub,"{""likes"": 1684, ""retweets"": 44, ""replies"": 97}",@quantclub,"#nifty50,#intraday"
rebeccasmith,2025-11-05T04:35:51Z,Model perform center purpose customer. #intraday #sensex,"{""likes"": 1269, ""retweets"": 149, ""replies"": 15}",,"#intraday,#sensex"
rvega,2025-11-05T09:30:14Z,Rich per environmental rich behind scene believe feel miss. #nifty50,"{""likes"": 1804, ""retweets"": 175, ""replies"": 190}",,#nifty50
courtney20,2025-11-05T01:08:24Z,Save address just find financial. #intraday,"{""likes"": 1483, ""retweets"": 382, ""replies"": 110}",,#intraday
carlos88,2025-11-05T13:19:01Z,Including entire society success what student. #banknifty,"{""likes"": 1977, ""retweets"": 144, ""replies"": 90}",,#banknifty
reynoldsashley,2025-11-05T07:01:28Z,Live sound choice bar citizen would team society pick across can participant writer. #intraday,"{""likes"": 480, ""retweets"": 404, ""replies"": 167}",,#intraday
andersondennis,2025-11-05T06:00:16Z,Bit cup establish sure process bill.,"{""likes"": 75, ""retweets"": 395, ""replies"": 92}",,
william43,2025-11-05T08:56:18Z,Above think offer half identify follow lot camera these decade. #sensex #intraday @deskbot,"{""likes"": 1843, ""retweets"": 445, ""replies"": 131}",@deskbot,"#sensex,#intraday"
olsenmichael,2025-11-05T02:46:38Z,Free animal ask according leave.,"{""likes"": 1031, ""retweets"": 125, ""replies"": 152}",,
pbanks,2025-11-05T14:10:36Z,Memory another attack then skill out benefit certain pressure. #nifty50 #intraday @quantclub,"{""likes"": 1156, ""retweets"": 403, ""replies"": 16}",@quantclub,"#nifty50,#intraday"
brian86,2025-11-05T04:17:04Z,Front surface push lot ago set. #intraday @quantclub,"{""likes"": 283, ""retweets"": 140, ""replies"": 125}",@quantclub,#intraday
vdudley,2025-11-04T20:27:46Z,In wait middle father week and. #intraday @rahul,"{""likes"": 208, ""retweets"": 99, ""replies"": 75}",@rahul,#intraday
sydney75,2025-11-04T23:06:59Z,Begin medical factor never town around country raise authority word national idea. #nifty50 #sensex,"{""likes"": 524, ""retweets"": 166, ""replies"": 74}",,"#nifty50,#sensex"
tonylopez,2025-11-04T20:25:27Z,Environment resource among moment bed rise reveal offer. @traderjoe,"{""likes"": 1096, ""retweets"": 7, ""replies"": 153}",@traderjoe,
tiffanycook,2025-11-04T16:33:06Z,She option agree ago dinner might approach design area. #sensex #intraday @deskbot,"{""likes"": 1247, ""retweets"": 228, ""replies"": 63}",@deskbot,"#sensex,#intraday"
singletonronald,2025-11-05T06:18:37Z,Organization both child support white. @quantclub,"{""likes"": 1412, ""retweets"": 31, ""replies"": 133}",@quantclub,
joe14,2025-11-05T13:41:06Z,Friend collection least pattern morning need among will. #intraday,"{""likes"": 1789, ""retweets"": 231, ""replies"": 46}",,#intraday
stephanieflores,2025-11-04T17:53:41Z,Accept win I second me red write soon already message. @deskbot,"{""likes"": 1180, ""retweets"": 442, ""replies"": 74}",@deskbot,
lawsonnicole,2025-11-04T19:08:44Z,Analysis trouble act factor number less food imagine fire type part just son. #intraday @traderjoe,"{""likes"": 160, ""retweets"": 240, ""replies"": 44}",@traderjoe,#intraday
bethfleming,2025-11-05T12:42:46Z,By ready include report best these down soldier dark subject real direction me traditional ground southern. #sensex #nifty50,"{""likes"": 916, ""retweets"": 430, ""replies"": 166}",,"#sensex,#nifty50"
reynoldsjoseph,2025-11-05T12:55:55Z,Sound how number serious. #nifty50 @traderjoe,"{""likes"": 1389, ""retweets"": 142, ""replies"": 143}",@traderjoe,#nifty50
christopherfrancis,2025-11-04T20:47:17Z,He less popular agreement consider address compare daughter happen. @traderjoe,"{""likes"": 209, ""retweets"": 418, ""replies"": 102}",@traderjoe,
heathernewman,2025-11-05T03:11:52Z,Decade beyond feel play time set together training voice same hold coach. #banknifty @analyst101,"{""likes"": 330, ""retweets"": 319, ""replies"": 197}",@analyst101,#banknifty
markcasey,2025-11-04T19:21:19Z,If since treat ready professor daughter open rest. #sensex,"{""likes"": 1954, ""retweets"": 368, ""replies"": 15}",,#sensex
brookemcclain,2025-11-05T04:21:28Z,During act occur account beyond lot very go conference either success. #intraday,"{""likes"": 1714, ""retweets"": 29, ""replies"": 19}",,#intraday
gerald52,2025-11-04T16:55:02Z,Employee produce set prevent away very charge. #sensex @rahul,"{""likes"": 1723, ""retweets"": 33, ""replies"": 94}",@rahul,#sensex
chadcannon,2025-11-05T12:03:00Z,Phone rather still remain beyond focus strategy any prove face responsibility center product physical want artist above chance. #nifty50,"{""likes"": 1213, ""retweets"": 147, ""replies"": 12}",,#nifty50
tgonzalez,2025-11-05T11:08:57Z,Structure tell house then seek page up.,"{""likes"": 1928, ""retweets"": 20, ""replies"": 171}",,
umoore,2025-11-04T23:25:49Z,Character marriage despite would nice poor ahead central. #intraday,"{""likes"": 1228, ""retweets"": 380, ""replies"": 165}",,#intraday
nicolecollins,2025-11-05T01:52:13Z,Floor sister individual whom fish sound finally. #nifty50 @rahul,"{""likes"": 93, ""retweets"": 176, ""replies"": 21}",@rahul,#nifty50
djones,2025-11-04T19:14:43Z,Meet new his hear. #banknifty,"{""likes"": 1196, ""retweets"": 267, ""replies"": 49}",,#banknifty
rhardy,2025-11-05T03:54:51Z,Executive agree during tend say child international light nor. #banknifty,"{""likes"": 603, ""retweets"": 359, ""replies"": 66}",,#banknifty
james02,2025-11-05T14:49:11Z,Economic region couple fear culture agent Congress music finally account relate. #nifty50 #banknifty @rahul,"{""likes"": 1785, ""retweets"": 51, ""replies"": 37}",@rahul,"#nifty50,#banknifty"
michellegreen,2025-11-05T04:10:29Z,Follow behavior trip can concern need participant quality fire they thus research garden generation class involve someone. #sensex #intraday @analyst101,"{""likes"": 800, ""retweets"": 261, ""replies"": 84}",@analyst101,"#sensex,#intraday"
kristen30,2025-11-05T12:45:42Z,Us cost whatever relate who. #intraday #sensex,"{""likes"": 79, ""retweets"": 242, ""replies"": 132}",,"#intraday,#sensex"
tasharamirez,2025-11-04T21:48:31Z,Risk tonight similar where indicate PM position suddenly product through box face billion act section security least. @rahul,"{""likes"": 1216, ""retweets"": 1, ""replies"": 200}",@rahul,
stevensullivan,2025-11-04T18:55:28Z,Small organization although indeed south worry a training daughter. #banknifty,"{""likes"": 713, ""retweets"": 336, ""replies"": 13}",,#banknifty
ymiller,2025-11-05T00:09:19Z,Off shake teach history will call environmental travel range ok game. @traderjoe,"{""likes"": 99, ""retweets"": 384, ""replies"": 68}",@traderjoe,
reginashaw,2025-11-05T08:09:49Z,Hand real cell medical skin whom station look right. #nifty50,"{""likes"": 862, ""retweets"": 288, ""replies"": 82}",,#nifty50
josephlee,2025-11-05T04:12:51Z,Identify for participant more we toward any defense structure it director sense kid. #banknifty,"{""likes"": 230, ""retweets"": 396, ""replies"": 104}",,#banknifty
michellemonroe,2025-11-04T19:33:54Z,Account play admit capital course care growth man phone so state pretty may. #nifty50 #sensex @deskbot,"{""likes"": 370, ""retweets"": 459, ""replies"": 110}",@deskbot,"#nifty50,#sensex"
lwright,2025-11-05T02:22:54Z,Follow nearly eight front learn present help prevent. #sensex @rahul,"{""likes"": 713, ""retweets"": 397, ""replies"": 138}",@rahul,#sensex
jasonward,2025-11-05T12:00:58Z,Only feel guy or difference environmental past blood artist. #nifty50 #sensex @rahul,"{""likes"": 1299, ""retweets"": 323, ""replies"": 60}",@rahul,"#nifty50,#sensex"
nicholasjohnson,2025-11-04T19:32:49Z,Cold animal security participant fear time source rest put mind newspaper positive. #nifty50,"{""likes"": 938, ""retweets"": 243, ""replies"": 124}",,#nifty50
kennethcraig,2025-11-05T12:47:08Z,Some baby word chair reach occur thing wind bag performance add light international trip. #intraday,"{""likes"": 1468, ""retweets"": 74, ""replies"": 49}",,#intraday
wellsrenee,2025-11-04T19:28:38Z,Turn house poor because ready.,"{""likes"": 296, ""retweets"": 276, ""replies"": 150}",,
russellalicia,2025-11-05T12:22:44Z,Receive order score outside analysis claim. #sensex #banknifty @traderjoe,"{""likes"": 896, ""retweets"": 8, ""replies"": 16}",@traderjoe,"#sensex,#banknifty"
jenkinscynthia,2025-11-05T13:27:24Z,Hot care view see TV health service body relationship. #banknifty,"{""likes"": 1258, ""retweets"": 365, ""replies"": 9}",,#banknifty
myerschristina,2025-11-05T06:17:32Z,According police society particular rich already land buy. #sensex #intraday,"{""likes"": 558, ""retweets"": 408, ""replies"": 68}",,"#sensex,#intraday"
maryhaney,2025-11-05T14:46:44Z,Paper able we former style loss help per. #nifty50,"{""likes"": 1209, ""retweets"": 162, ""replies"": 182}",,#nifty50
schultzmichael,2025-11-05T09:49:26Z,Citizen white personal family price career management employee ten attention. #banknifty @analyst101,"{""likes"": 1491, ""retweets"": 303, ""replies"": 123}",@analyst101,#banknifty
jennifer57,2025-11-05T03:39:47Z,Friend final price right easy speech any image best rich. #intraday,"{""likes"": 1227, ""retweets"": 442, ""replies"": 120}",,#intraday
lbryant,2025-11-04T21:16:59Z,Say win every edge establish accept health Republican thought. #intraday,"{""likes"": 576, ""retweets"": 77, ""replies"": 183}",,#intraday
andersondavid,2025-11-04T16:47:28Z,Spring tend speech office natural from machine notice. @deskbot,"{""likes"": 1187, ""retweets"": 187, ""replies"": 184}",@deskbot,
qpruitt,2025-11-04T17:28:33Z,Yeah about within model grow soon next. #nifty50 #banknifty,"{""likes"": 565, ""retweets"": 370, ""replies"": 175}",,"#nifty50,#banknifty"
cassandra23,2025-11-04T18:47:42Z,Until thought list which stay available lead gun three money. #sensex #intraday @quantclub,"{""likes"": 369, ""retweets"": 489, ""replies"": 171}",@quantclub,"#sensex,#intraday"
mmiller,2025-11-05T06:46:17Z,Simple career western business see number poor after traditional forget. @analyst101,"{""likes"": 185, ""retweets"": 496, ""replies"": 29}",@analyst101,
smithrickey,2025-11-04T18:12:43Z,Exist similar themselves manager may.,"{""likes"": 1989, ""retweets"": 498, ""replies"": 175}",,
inguyen,2025-11-05T04:07:37Z,Day environmental condition leg idea your mission.,"{""likes"": 676, ""retweets"": 258, ""replies"": 112}",,
petersonjames,2025-11-05T04:16:01Z,Discussion whole wrong relationship process to weight. @rahul,"{""likes"": 597, ""retweets"": 393, ""replies"": 15}",@rahul,
sbraun,2025-11-05T04:56:08Z,Almost news job quickly authority health free. #intraday @analyst101,"{""likes"": 1192, ""retweets"": 321, ""replies"": 72}",@analyst101,#intraday
doughertyjimmy,2025-11-05T03:16:30Z,Budget everything change trouble. #nifty50,"{""likes"": 1343, ""retweets"": 481, ""replies"": 95}",,#nifty50
stewartchristy,2025-11-05T04:53:02Z,Race then not member market floor detail theory catch low. #intraday @analyst101,"{""likes"": 174, ""retweets"": 80, ""replies"": 194}",@analyst101,#intraday
davidlong,2025-11-04T15:45:36Z,Turn her itself discover.,"{""likes"": 1800, ""retweets"": 267, ""replies"": 0}",,
jeffreylindsey,2025-11-05T00:32:17Z,Many partner street crime.,"{""likes"": 114, ""retweets"": 366, ""replies"": 57}",,
tammy76,2025-11-05T10:19:34Z,Mouth raise thus require whether south after she bag growth. #nifty50,"{""likes"": 1549, ""retweets"": 378, ""replies"": 72}",,#nifty50
michael69,2025-11-05T03:20:23Z,Street manage both central follow choose. #nifty50 #intraday,"{""likes"": 534, ""retweets"": 39, ""replies"": 115}",,"#nifty50,#intraday"
sanchezbethany,2025-11-05T01:24:45Z,Out laugh American direction various firm. #banknifty,"{""likes"": 427, ""retweets"": 124, ""replies"": 102}",,#banknifty
michael64,2025-11-05T01:28:35Z,Should during of interview hard term every west talk challenge represent their.,"{""likes"": 962, ""retweets"": 432, ""replies"": 20}",,
matthewscott,2025-11-05T12:24:14Z,Take question threat Mr. #intraday #nifty50,"{""likes"": 586, ""retweets"": 329, ""replies"": 7}",,"#intraday,#nifty50"
tammyyoung,2025-11-05T03:57:22Z,Development necessary star why data in. #banknifty,"{""likes"": 762, ""retweets"": 468, ""replies"": 37}",,#banknifty
rivasshawn,2025-11-05T06:09:20Z,I power arm knowledge late woman chance. @analyst101,"{""likes"": 1984, ""retweets"": 224, ""replies"": 46}",@analyst101,
donaldsmith,2025-11-04T20:48:22Z,Edge three music town from face.,"{""likes"": 124, ""retweets"": 65, ""replies"": 138}",,
zmiller,2025-11-05T13:09:17Z,Again practice figure maybe explain night room wrong. @quantclub,"{""likes"": 252, ""retweets"": 268, ""replies"": 31}",@quantclub,
stevefletcher,2025-11-05T08:33:16Z,Kid hand fear watch accept food simply head wide offer serve difference head. #intraday #nifty50 @analyst101,"{""likes"": 1751, ""retweets"": 445, ""replies"": 44}",@analyst101,"#intraday,#nifty50"
johnsonlee,2025-11-05T13:10:32Z,Alone can seat address benefit her he join. #banknifty #nifty50 @rahul,"{""likes"": 137, ""retweets"": 347, ""replies"": 96}",@rahul,"#banknifty,#nifty50"
crystal44,2025-11-05T10:10:44Z,Size door nation every. #sensex,"{""likes"": 1306, ""retweets"": 467, ""replies"": 75}",,#sensex
jamesedwards,2025-11-04T21:04:04Z,Local gun machine sister Republican usually tree. #nifty50,"{""likes"": 1012, ""retweets"": 334, ""replies"": 158}",,#nifty50
smithgrant,2025-11-05T07:16:17Z,Up report have who responsibility. #nifty50 #banknifty @traderjoe,"{""likes"": 858, ""retweets"": 153, ""replies"": 143}",@traderjoe,"#nifty50,#banknifty"
sheila15,2025-11-05T03:54:09Z,Along partner voice eye entire none even investment probably this thus woman. #intraday,"{""likes"": 1904, ""retweets"": 130, ""replies"": 15}",,#intraday
katie32,2025-11-05T15:33:27Z,Visit term positive many walk. #intraday @deskbot,"{""likes"": 1999, ""retweets"": 255, ""replies"": 178}",@deskbot,#intraday
richard73,2025-11-05T01:22:57Z,Cold point conference how similar growth campaign. #sensex #intraday @rahul,"{""likes"": 1737, ""retweets"": 71, ""replies"": 0}",@rahul,"#sensex,#intraday"
alan30,2025-11-05T06:17:57Z,Pay you difference history off. #sensex #intraday,"{""likes"": 1483, ""retweets"": 387, ""replies"": 67}",,"#sensex,#intraday"
reynoldsjaclyn,2025-11-05T02:36:42Z,Picture owner toward happen meet top tell. #sensex @quantclub,"{""likes"": 430, ""retweets"": 389, ""replies"": 142}",@quantclub,#sensex
powellconnor,2025-11-05T12:43:08Z,Rate find century act throughout toward money soon building grow human.,"{""likes"": 350, ""retweets"": 306, ""replies"": 100}",,
michaelwood,2025-11-04T20:16:30Z,Recently represent claim push politics perform. #sensex @rahul,"{""likes"": 461, ""retweets"": 79, ""replies"": 172}",@rahul,#sensex
rossnancy,2025-11-04T18:33:15Z,Buy plant eat require example drive any.,"{""likes"": 146, ""retweets"": 397, ""replies"": 119}",,
jmiller,2025-11-04T17:06:53Z,Impact black never carry remain possible personal. @quantclub,"{""likes"": 1532, ""retweets"": 262, ""replies"": 195}",@quantclub,
christopher93,2025-11-04T15:45:51Z,Heart money sing final visit figure level it trouble reveal relate until side trip. #intraday,"{""likes"": 1741, ""retweets"": 422, ""replies"": 66}",,#intraday
christopher41,2025-11-05T00:44:55Z,Anyone energy seat stand group Republican tough experience computer Mrs try. #banknifty #sensex @deskbot,"{""likes"": 1935, ""retweets"": 266, ""replies"": 65}",@deskbot,"#banknifty,#sensex"
donna42,2025-11-05T12:08:48Z,Together maybe somebody task mean candidate same stand exactly result. #intraday #nifty50,"{""likes"": 574, ""retweets"": 0, ""replies"": 154}",,"#intraday,#nifty50"
stevenslaura,2025-11-04T22:33:20Z,Even low heavy boy mission thing media open court computer still air per series let eye. @quantclub,"{""likes"": 573, ""retweets"": 298, ""replies"": 63}",@quantclub,
baileyjessica,2025-11-04T19:30:44Z,Treatment would claim interest prepare five.,"{""likes"": 1837, ""retweets"": 443, ""replies"": 165}",,
diazlisa,2025-11-05T05:03:03Z,Statement list should discussion benefit pattern thus. #sensex,"{""likes"": 876, ""retweets"": 100, ""replies"": 128}",,#sensex
lorikelly,2025-11-04T18:12:34Z,Professor yourself market letter work garden term world. #sensex @rahul,"{""likes"": 649, ""retweets"": 347, ""replies"": 191}",@rahul,#sensex
cesarholloway,2025-11-05T14:53:40Z,Paper professor include professional participant agent stay low forget firm budget service imagine. #intraday #nifty50 @quantclub,"{""likes"": 1097, ""retweets"": 149, ""replies"": 121}",@quantclub,"#intraday,#nifty50"
michaelrivera,2025-11-04T23:53:06Z,Subject international finally them cause various election home note apply shoulder size big debate across level. #nifty50 @analyst101,"{""likes"": 518, ""retweets"": 143, ""replies"": 71}",@analyst101,#nifty50
mross,2025-11-04T16:08:13Z,Wrong book near tend out lot piece first hospital go maybe personal artist.,"{""likes"": 1338, ""retweets"": 216, ""replies"": 198}",,
perezsandra,2025-11-05T04:51:42Z,Bring leader trade leg through system interview above the trip statement management prepare available energy think church to. #sensex @rahul,"{""likes"": 207, ""retweets"": 323, ""replies"": 93}",@rahul,#sensex
annettedavila,2025-11-05T10:36:35Z,Hope human degree let short treat man. #sensex,"{""likes"": 43, ""retweets"": 276, ""replies"": 112}",,#sensex
williamscott,2025-11-05T12:40:18Z,Put range order of particularly today myself moment generation admit risk movement worker national agree.,"{""likes"": 101, ""retweets"": 135, ""replies"": 27}",,
john38,2025-11-04T21:51:37Z,Forward easy article position magazine. #intraday #sensex @rahul,"{""likes"": 471, ""retweets"": 165, ""replies"": 157}",@rahul,"#intraday,#sensex"
justin36,2025-11-05T02:45:09Z,Effect special mission identify everybody when clearly think training. #intraday,"{""likes"": 1312, ""retweets"": 379, ""replies"": 179}",,#intraday
barkernathaniel,2025-11-04T22:44:11Z,Everything some local major unit effect voice. #intraday #banknifty,"{""likes"": 418, ""retweets"": 43, ""replies"": 29}",,"#intraday,#banknifty"
robertsonstacey,2025-11-05T02:22:31Z,Deep reduce require fine meeting measure picture able policy morning stop season guess property analysis. #banknifty #sensex,"{""likes"": 371, ""retweets"": 84, ""replies"": 38}",,"#banknifty,#sensex"
sethpeterson,2025-11-05T06:29:08Z,Strategy marriage now within take own station prevent range important support early director foreign event. #nifty50 #intraday @quantclub,"{""likes"": 1408, ""retweets"": 469, ""replies"": 27}",@quantclub,"#nifty50,#intraday"
bobby96,2025-11-05T15:15:35Z,Agent success tough firm write everything as require summer source expert explain building. #intraday #sensex,"{""likes"": 941, ""retweets"": 469, ""replies"": 188}",,"#intraday,#sensex"
gvasquez,2025-11-04T17:21:54Z,Ball born important system particularly likely agent mean question sing kind range TV.,"{""likes"": 130, ""retweets"": 208, ""replies"": 108}",,
sara84,2025-11-05T01:27:19Z,Leg season country travel Mrs. #sensex #nifty50 @deskbot,"{""likes"": 772, ""retweets"": 201, ""replies"": 69}",@deskbot,"#sensex,#nifty50"
ovelasquez,2025-11-05T11:29:41Z,Part rather bank check seem hospital material Democrat without high. #banknifty #sensex,"{""likes"": 683, ""retweets"": 228, ""replies"": 72}",,"#banknifty,#sensex"
gregory32,2025-11-05T06:49:22Z,Bill start military out contain no card catch college senior. #banknifty @quantclub,"{""likes"": 46, ""retweets"": 418, ""replies"": 24}",@quantclub,#banknifty
jimmymercer,2025-11-05T13:19:42Z,Movement this support activity so down according wear health first. #nifty50 #sensex @rahul,"{""likes"": 679, ""retweets"": 255, ""replies"": 121}",@rahul,"#nifty50,#sensex"
stephensrodney,2025-11-05T03:48:49Z,Six high fall customer media clearly reach trial lot street since baby. #banknifty #nifty50,"{""likes"": 305, ""retweets"": 104, ""replies"": 86}",,"#banknifty,#nifty50"
perezmisty,2025-11-05T13:04:58Z,Subject media rest experience blue station single lot base spend hear country their benefit deep. #nifty50 #sensex @quantclub,"{""likes"": 529, ""retweets"": 126, ""replies"": 184}",@quantclub,"#nifty50,#sensex"
mariabaker,2025-11-04T18:55:01Z,National require control maybe brother couple far continue free once job. #intraday #banknifty,"{""likes"": 125, ""retweets"": 447, ""replies"": 164}",,"#intraday,#banknifty"
abigailpitts,2025-11-05T04:52:11Z,This long form record note strong public begin who. #intraday #banknifty @analyst101,"{""likes"": 1726, ""retweets"": 302, ""replies"": 16}",@analyst101,"#intraday,#banknifty"
ibarnes,2025-11-05T15:25:02Z,Bring voice next enjoy throw this above without news. #banknifty #intraday @traderjoe,"{""likes"": 275, ""retweets"": 351, ""replies"": 143}",@traderjoe,"#banknifty,#intraday"
shawn21,2025-11-05T11:48:38Z,Nice figure develop career recognize foot look up raise high series suddenly worry move forget at.,"{""likes"": 1639, ""retweets"": 404, ""replies"": 146}",,
smithtami,2025-11-04T22:18:50Z,Plan talk national admit walk property town. @analyst101,"{""likes"": 924, ""retweets"": 149, ""replies"": 82}",@analyst101,
mooremarc,2025-11-05T02:20:19Z,Bit continue baby simply eye establish item six build wife ahead nor accept draw. #banknifty #sensex,"{""likes"": 1327, ""retweets"": 173, ""replies"": 132}",,"#banknifty,#sensex"
rgraham,2025-11-05T07:29:36Z,Piece common involve pretty those check five family fall century cell. @traderjoe,"{""likes"": 1549, ""retweets"": 232, ""replies"": 23}",@traderjoe,
ramseypatricia,2025-11-04T23:06:31Z,Beautiful certain let I act last. @analyst101,"{""likes"": 565, ""retweets"": 419, ""replies"": 40}",@analyst101,
muellershannon,2025-11-05T09:46:43Z,Participant way process improve thing dog lose off unit age everyone.,"{""likes"": 1700, ""retweets"": 73, ""replies"": 51}",,
shane50,2025-11-05T10:47:51Z,Example return life moment as fast style I book weight quickly language industry. @rahul,"{""likes"": 1584, ""retweets"": 346, ""replies"": 85}",@rahul,
william76,2025-11-05T06:54:59Z,Personal war send buy cost hot imagine visit view.,"{""likes"": 1807, ""retweets"": 138, ""replies"": 73}",,
rebeccabell,2025-11-05T09:17:52Z,Hour capital require guy wait inside concern attorney dark media seek. #sensex,"{""likes"": 1398, ""retweets"": 453, ""replies"": 21}",,#sensex
adamsjames,2025-11-05T02:01:12Z,Course mission fish hold contain after three international tough those pass matter apply. #sensex @rahul,"{""likes"": 1817, ""retweets"": 166, ""replies"": 155}",@rahul,#sensex
qmorgan,2025-11-05T00:57:49Z,Organization between pick generation technology up about. #sensex #intraday,"{""likes"": 408, ""retweets"": 40, ""replies"": 150}",,"#sensex,#intraday"
ljackson,2025-11-05T14:19:26Z,May laugh word decide west hot owner trip.,"{""likes"": 551, ""retweets"": 26, ""replies"": 113}",,
careyeric,2025-11-05T00:02:11Z,Difficult movement official note choice among else deep agency nice fall star low kitchen join exist data soon worry. #intraday @rahul,"{""likes"": 1180, ""retweets"": 314, ""replies"": 114}",@rahul,#intraday
natashamurphy,2025-11-05T01:25:53Z,High talk energy situation someone student. @quantclub,"{""likes"": 1487, ""retweets"": 456, ""replies"": 166}",@quantclub,
chad91,2025-11-05T10:45:22Z,Statement bar but standard doctor prove stand. #banknifty #intraday,"{""likes"": 475, ""retweets"": 434, ""replies"": 53}",,"#banknifty,#intraday"
mcintyresara,2025-11-05T14:08:58Z,Discussion road individual decide or. #intraday #sensex @rahul,"{""likes"": 1177, ""retweets"": 148, ""replies"": 66}",@rahul,"#intraday,#sensex"
teresa98,2025-11-04T22:31:08Z,Practice stop although Democrat new president. @quantclub,"{""likes"": 480, ""retweets"": 137, ""replies"": 134}",@quantclub,
smithamber,2025-11-04T20:33:11Z,Assume yes recently tax somebody.,"{""likes"": 376, ""retweets"": 492, ""replies"": 51}",,
chad74,2025-11-05T11:36:01Z,Old American onto peace through benefit. #banknifty #sensex,"{""likes"": 1066, ""retweets"": 198, ""replies"": 32}",,"#banknifty,#sensex"
sromero,2025-11-05T03:05:52Z,Throughout myself home yourself walk range month us bring people talk receive Democrat. @quantclub,"{""likes"": 679, ""retweets"": 87, ""replies"": 125}",@quantclub,
oedwards,2025-11-05T14:20:59Z,Congress indicate Mrs avoid life start decade thing single Mr people field concern past check. #intraday @quantclub,"{""likes"": 1724, ""retweets"": 295, ""replies"": 96}",@quantclub,#intraday
michaelneal,2025-11-05T12:11:42Z,Town different anything never because voice environmental among production store. #intraday @rahul,"{""likes"": 954, ""retweets"": 21, ""replies"": 29}",@rahul,#intraday
darlene26,2025-11-05T10:36:55Z,Person culture both whether activity gun including price this four everything field organization small significant. #nifty50 #intraday @rahul,"{""likes"": 947, ""retweets"": 266, ""replies"": 17}",@rahul,"#nifty50,#intraday"
alicia06,2025-11-05T09:00:33Z,Road activity thank bag. @rahul,"{""likes"": 228, ""retweets"": 390, ""replies"": 87}",@rahul,
nicholas48,2025-11-04T20:27:46Z,Where everybody lead commercial especially time peace business always line or. #sensex,"{""likes"": 976, ""retweets"": 178, ""replies"": 200}",,#sensex
ajensen,2025-11-04T17:35:56Z,Deep use movie second art plant situation mean forward.,"{""likes"": 183, ""retweets"": 164, ""replies"": 181}",,
melissa81,2025-11-05T13:05:34Z,Hit with before side least student reason minute.,"{""likes"": 1194, ""retweets"": 146, ""replies"": 166}",,
myersjoshua,2025-11-04T18:40:16Z,Return upon I decide learn particular. #banknifty #nifty50,"{""likes"": 1915, ""retweets"": 184, ""replies"": 36}",,"#banknifty,#nifty50"
zachary83,2025-11-05T10:08:39Z,Official teach best prevent health something. @traderjoe,"{""likes"": 751, ""retweets"": 283, ""replies"": 141}",@traderjoe,
erica01,2025-11-05T01:50:12Z,Several arm animal fill set ok Mrs experience production law finish boy reduce exactly. #nifty50 @quantclub,"{""likes"": 404, ""retweets"": 372, ""replies"": 123}",@quantclub,#nifty50
jonathancole,2025-11-04T22:33:09Z,Despite story themselves right process follow country identify.,"{""likes"": 1791, ""retweets"": 428, ""replies"": 87}",,
sbradshaw,2025-11-05T09:06:54Z,Part other event none officer mention option style machine develop fast. #sensex #banknifty,"{""likes"": 1220, ""retweets"": 13, ""replies"": 172}",,"#sensex,#banknifty"
stefanie98,2025-11-05T15:05:55Z,City management past nothing return reveal long.,"{""likes"": 402, ""retweets"": 174, ""replies"": 36}",,
michael13,2025-11-05T06:04:09Z,Staff ask list east keep family prove speech could us account.,"{""likes"": 1019, ""retweets"": 334, ""replies"": 14}",,
curryashley,2025-11-05T00:49:18Z,Get toward well bank either production. #banknifty #sensex @deskbot,"{""likes"": 961, ""retweets"": 66, ""replies"": 64}",@deskbot,"#banknifty,#sensex"
derrickkemp,2025-11-05T14:34:57Z,Thousand enough trip have method him kind such sometimes face film clear base view. #nifty50 @quantclub,"{""likes"": 690, ""retweets"": 22, ""replies"": 82}",@quantclub,#nifty50
whitedebbie,2025-11-04T22:05:17Z,Expert every or general determine least approach guy eat Congress before small marriage table thousand hot. @traderjoe,"{""likes"": 1211, ""retweets"": 37, ""replies"": 172}",@traderjoe,
spencercampbell,2025-11-05T08:13:44Z,Follow agreement summer answer level decision price room half available sure identify individual beat.,"{""likes"": 1298, ""retweets"": 322, ""replies"": 175}",,
michellecole,2025-11-04T16:46:59Z,Teach later coach commercial effect total relate exactly.,"{""likes"": 158, ""retweets"": 166, ""replies"": 159}",,
esmith,2025-11-05T04:04:44Z,Argue training list public recognize machine support writer course. #intraday #sensex @analyst101,"{""likes"": 697, ""retweets"": 438, ""replies"": 169}",@analyst101,"#intraday,#sensex"
terrihays,2025-11-04T15:47:43Z,Theory charge them culture TV future central front able billion major.,"{""likes"": 1837, ""retweets"": 64, ""replies"": 189}",,
greenjason,2025-11-05T05:46:19Z,Area western mission address water old value popular crime close look simple order do movement decade president. #intraday #nifty50 @traderjoe,"{""likes"": 262, ""retweets"": 207, ""replies"": 85}",@traderjoe,"#intraday,#nifty50"
mackbrianna,2025-11-04T19:01:59Z,Control give enjoy film. #sensex #banknifty,"{""likes"": 1776, ""retweets"": 317, ""replies"": 30}",,"#sensex,#banknifty"
hbradford,2025-11-04T19:39:25Z,Kind out employee ever expect what personal.,"{""likes"": 1316, ""retweets"": 466, ""replies"": 46}",,
andrew99,2025-11-05T11:47:18Z,Continue popular party even and investment. #nifty50 @quantclub,"{""likes"": 812, ""retweets"": 7, ""replies"": 27}",@quantclub,#nifty50
stacey27,2025-11-04T19:07:44Z,Seven seat successful floor science leg resource player letter year western current training leave off position. #intraday #banknifty @traderjoe,"{""likes"": 1470, ""retweets"": 385, ""replies"": 37}",@traderjoe,"#intraday,#banknifty"
joshua31,2025-11-05T13:19:02Z,Represent conference join town town lead around action. #nifty50 @traderjoe,"{""likes"": 1957, ""retweets"": 245, ""replies"": 132}",@traderjoe,#nifty50
wbarrett,2025-11-05T05:46:55Z,Decade key decade every interview year throw probably produce policy subject school whether some past seat despite president. #intraday,"{""likes"": 1084, ""retweets"": 154, ""replies"": 123}",,#intraday
jasonsharp,2025-11-05T09:17:46Z,Feel true concern least down. #sensex,"{""likes"": 360, ""retweets"": 71, ""replies"": 43}",,#sensex
david86,2025-11-04T16:00:49Z,Mouth arm matter administration natural data garden mouth go really carry. #intraday,"{""likes"": 1539, ""retweets"": 8, ""replies"": 101}",,#intraday
aanderson,2025-11-05T12:26:16Z,Property at recently pattern least better expert occur soldier guess. #banknifty,"{""likes"": 412, ""retweets"": 73, ""replies"": 132}",,#banknifty
saracooper,2025-11-05T13:24:24Z,Central another explain possible growth none before bring year. @analyst101,"{""likes"": 600, ""retweets"": 89, ""replies"": 15}",@analyst101,
oscar41,2025-11-05T05:22:56Z,Eye letter trial magazine learn garden discover. #nifty50 #banknifty @traderjoe,"{""likes"": 1415, ""retweets"": 59, ""replies"": 184}",@traderjoe,"#nifty50,#banknifty"
jasonkoch,2025-11-05T08:01:47Z,Job one building field decide theory mission first staff. #nifty50 #banknifty @rahul,"{""likes"": 1292, ""retweets"": 253, ""replies"": 48}",@rahul,"#nifty50,#banknifty"
lalvarez,2025-11-05T07:09:57Z,Available probably on natural citizen discover behavior security enter seat film what often must. #nifty50,"{""likes"": 63, ""retweets"": 63, ""replies"": 103}",,#nifty50
taylordebra,2025-11-05T02:29:08Z,Provide official need control poor down. @traderjoe,"{""likes"": 1636, ""retweets"": 17, ""replies"": 11}",@traderjoe,
smithdaniel,2025-11-05T11:23:40Z,End result start third. #intraday #sensex @traderjoe,"{""likes"": 862, ""retweets"": 61, ""replies"": 18}",@traderjoe,"#intraday,#sensex"
alishagriffin,2025-11-05T04:40:32Z,Little suffer animal most strong little make bed just stock. @deskbot,"{""likes"": 1014, ""retweets"": 67, ""replies"": 118}",@deskbot,
stephanielee,2025-11-04T16:14:27Z,If manager tend small sometimes. @rahul,"{""likes"": 1632, ""retweets"": 312, ""replies"": 31}",@rahul,
kimberlygonzalez,2025-11-04T16:04:34Z,Analysis above available indeed detail argue figure himself data type. @analyst101,"{""likes"": 1083, ""retweets"": 470, ""replies"": 132}",@analyst101,
timothy98,2025-11-05T12:36:59Z,Will wife choose sell nor popular key because side. #intraday,"{""likes"": 825, ""retweets"": 36, ""replies"": 68}",,#intraday
jerry51,2025-11-04T22:32:02Z,Thus weight small glass say security politics. #banknifty,"{""likes"": 527, ""retweets"": 355, ""replies"": 170}",,#banknifty
gomezjeffrey,2025-11-05T13:26:57Z,Maintain ask treatment however Congress hotel buy during. @rahul,"{""likes"": 143, ""retweets"": 308, ""replies"": 148}",@rahul,
mblair,2025-11-05T12:12:40Z,To sometimes data without main institution buy. @rahul,"{""likes"": 823, ""retweets"": 317, ""replies"": 143}",@rahul,
hmartinez,2025-11-04T16:35:42Z,Rate care always recognize its company Republican.,"{""likes"": 1755, ""retweets"": 347, ""replies"": 8}",,
normanlaurie,2025-11-05T09:29:40Z,Marriage market gas final surface main positive visit. #intraday #nifty50,"{""likes"": 549, ""retweets"": 298, ""replies"": 59}",,"#intraday,#nifty50"
fbrooks,2025-11-05T09:36:59Z,Material eye sister energy player area. #banknifty #sensex,"{""likes"": 442, ""retweets"": 455, ""replies"": 63}",,"#banknifty,#sensex"
tammywilliams,2025-11-05T02:18:17Z,Off similar perform agency watch country attention power food already time. #banknifty #sensex,"{""likes"": 1684, ""retweets"": 351, ""replies"": 119}",,"#banknifty,#sensex"
baileyashley,2025-11-05T05:38:12Z,Smile brother side member thus its federal white lead drive enter team. #sensex @analyst101,"{""likes"": 1554, ""retweets"": 482, ""replies"": 72}",@analyst101,#sensex
andersonnatasha,2025-11-05T06:05:10Z,Animal same start unit be walk enjoy receive majority center agency.,"{""likes"": 1887, ""retweets"": 132, ""replies"": 30}",,
twilliamson,2025-11-05T05:59:45Z,Late arrive ok some fall less thank task social defense hospital look response head onto almost.,"{""likes"": 241, ""retweets"": 399, ""replies"": 59}",,
philip18,2025-11-05T04:17:03Z,Write last military maybe always speak read available performance already they mouth across base physical. #nifty50 #banknifty,"{""likes"": 34, ""retweets"": 65, ""replies"": 166}",,"#nifty50,#banknifty"
gregg86,2025-11-04T18:03:53Z,Thousand doctor run hour quality reflect meeting current key. #sensex #nifty50 @analyst101,"{""likes"": 677, ""retweets"": 248, ""replies"": 8}",@analyst101,"#sensex,#nifty50"
xmarquez,2025-11-05T03:21:53Z,Kid enter history son evening whose painting. #intraday #banknifty @rahul,"{""likes"": 501, ""retweets"": 344, ""replies"": 156}",@rahul,"#intraday,#banknifty"
kelly16,2025-11-04T20:56:24Z,Speak even serious crime Democrat simply performance black cup. #intraday @deskbot,"{""likes"": 454, ""retweets"": 95, ""replies"": 167}",@deskbot,#intraday
markpatton,2025-11-05T06:22:59Z,Myself themselves listen candidate treatment material bag long rule this.,"{""likes"": 1666, ""retweets"": 109, ""replies"": 82}",,
brittanycamacho,2025-11-04T15:59:34Z,Development room police day left employee that attack. @deskbot,"{""likes"": 1779, ""retweets"": 11, ""replies"": 75}",@deskbot,
kingjeffrey,2025-11-04T15:38:58Z,Put grow whatever prove experience situation find recent value must new. @deskbot,"{""likes"": 1866, ""retweets"": 336, ""replies"": 144}",@deskbot,
carl84,2025-11-04T16:35:51Z,Worker act consumer challenge strong sense after. #banknifty #nifty50,"{""likes"": 1924, ""retweets"": 464, ""replies"": 16}",,"#banknifty,#nifty50"
tramirez,2025-11-05T11:08:40Z,Impact drive ahead do vote no. #sensex @rahul,"{""likes"": 693, ""retweets"": 299, ""replies"": 133}",@rahul,#sensex
pcarter,2025-11-04T17:57:52Z,Same never follow finish support. #sensex @deskbot,"{""likes"": 519, ""retweets"": 289, ""replies"": 18}",@deskbot,#sensex
spatton,2025-11-04T18:50:17Z,Green sing significant join simply wall. #banknifty #nifty50 @deskbot,"{""likes"": 829, ""retweets"": 416, ""replies"": 78}",@deskbot,"#banknifty,#nifty50"
jessica67,2025-11-05T09:10:24Z,Worry street entire win including.,"{""likes"": 609, ""retweets"": 329, ""replies"": 136}",,
nedwards,2025-11-05T13:14:58Z,Establish let nearly military research street four law part. #banknifty,"{""likes"": 125, ""retweets"": 97, ""replies"": 34}",,#banknifty
sroberts,2025-11-05T05:46:02Z,Deal exactly he information door. #nifty50,"{""likes"": 1251, ""retweets"": 96, ""replies"": 12}",,#nifty50
phillippittman,2025-11-05T09:04:23Z,Use finally feeling magazine business.,"{""likes"": 1521, ""retweets"": 396, ""replies"": 197}",,
andrew28,2025-11-05T11:28:01Z,Happy what allow simple level food mouth reduce offer several against right challenge year fall executive specific receive. #banknifty #nifty50 @quantclub,"{""likes"": 1007, ""retweets"": 22, ""replies"": 111}",@quantclub,"#banknifty,#nifty50"
edwardrobinson,2025-11-05T10:10:24Z,Bring century election within over. #banknifty #nifty50 @rahul,"{""likes"": 75, ""retweets"": 11, ""replies"": 176}",@rahul,"#banknifty,#nifty50"
brendanhuff,2025-11-05T13:09:42Z,Actually easy what activity benefit media bad like. #intraday @analyst101,"{""likes"": 1705, ""retweets"": 270, ""replies"": 186}",@analyst101,#intraday
leahrivera,2025-11-05T11:28:02Z,Opportunity detail people call possible strong particular. #banknifty,"{""likes"": 633, ""retweets"": 310, ""replies"": 21}",,#banknifty
ihernandez,2025-11-04T15:48:23Z,See learn get provide note. #sensex,"{""likes"": 1584, ""retweets"": 262, ""replies"": 144}",,#sensex
gclarke,2025-11-05T10:41:30Z,Sense action activity cell herself back. #sensex #nifty50 @traderjoe,"{""likes"": 455, ""retweets"": 282, ""replies"": 83}",@traderjoe,"#sensex,#nifty50"
qhernandez,2025-11-04T22:39:27Z,Similar understand before night ready seat. #sensex #nifty50,"{""likes"": 110, ""retweets"": 404, ""replies"": 17}",,"#sensex,#nifty50"
rodgerslisa,2025-11-04T19:25:40Z,Them you history friend themselves. @traderjoe,"{""likes"": 1279, ""retweets"": 273, ""replies"": 126}",@traderjoe,
dianepowell,2025-11-05T07:50:34Z,Land anyone front nothing recognize get alone. @traderjoe,"{""likes"": 1512, ""retweets"": 399, ""replies"": 173}",@traderjoe,
myersrobert,2025-11-05T11:23:39Z,Score not speak store become hour among tell senior. #banknifty #sensex @rahul,"{""likes"": 357, ""retweets"": 150, ""replies"": 196}",@rahul,"#banknifty,#sensex"
jesse79,2025-11-05T01:09:15Z,Model shoulder spring yet spend big including major close not lose blood agent. #intraday,"{""likes"": 1525, ""retweets"": 176, ""replies"": 14}",,#intraday
christina91,2025-11-05T00:57:14Z,Compare court short many production born important ground card election. #intraday @traderjoe,"{""likes"": 1723, ""retweets"": 359, ""replies"": 139}",@traderjoe,#intraday
gmiller,2025-11-04T23:13:38Z,Even trouble lawyer could every effort line. #sensex @quantclub,"{""likes"": 903, ""retweets"": 429, ""replies"": 172}",@quantclub,#sensex
christianbarnett,2025-11-05T11:38:08Z,Coach about most piece black force part foreign.,"{""likes"": 744, ""retweets"": 74, ""replies"": 150}",,
paulelizabeth,2025-11-04T16:26:48Z,Before there century language look. #intraday #banknifty,"{""likes"": 1422, ""retweets"": 450, ""replies"": 131}",,"#intraday,#banknifty"
sreyes,2025-11-05T10:38:12Z,Book peace security wrong such poor kind impact. #nifty50 @traderjoe,"{""likes"": 634, ""retweets"": 353, ""replies"": 54}",@traderjoe,#nifty50
qgentry,2025-11-05T07:09:09Z,Service beat prevent consider. #nifty50 #intraday,"{""likes"": 1540, ""retweets"": 19, ""replies"": 113}",,"#nifty50,#intraday"
william97,2025-11-05T14:07:01Z,Song certainly away attorney require speak station ask central break technology certain owner table everybody over lay there. #nifty50 #sensex,"{""likes"": 56, ""retweets"": 148, ""replies"": 34}",,"#nifty50,#sensex"
gomezzachary,2025-11-05T03:34:22Z,Too successful form soon now local manager. #sensex #nifty50,"{""likes"": 1528, ""retweets"": 156, ""replies"": 122}",,"#sensex,#nifty50"
cynthia42,2025-11-04T21:28:36Z,Picture term true collection TV leave direction. #sensex #nifty50 @rahul,"{""likes"": 1677, ""retweets"": 427, ""replies"": 101}",@rahul,"#sensex,#nifty50"
jacobhill,2025-11-05T07:45:20Z,Quality thought system I clearly line behavior herself similar discussion life. #sensex @traderjoe,"{""likes"": 1623, ""retweets"": 359, ""replies"": 174}",@traderjoe,#sensex
villanuevaanna,2025-11-05T03:05:46Z,Policy light see value network. #sensex @quantclub,"{""likes"": 1366, ""retweets"": 148, ""replies"": 150}",@quantclub,#sensex
feliciamathis,2025-11-04T22:18:15Z,Agency simple day spend grow little from money somebody agree bill maybe community forget sign. #nifty50 @deskbot,"{""likes"": 1801, ""retweets"": 397, ""replies"": 165}",@deskbot,#nifty50
brittany34,2025-11-05T04:54:43Z,Why space enough million million discover add send my painting board. #intraday #banknifty,"{""likes"": 1510, ""retweets"": 187, ""replies"": 170}",,"#intraday,#banknifty"
crawfordsarah,2025-11-04T19:42:07Z,Share present item site fast long table account yes TV listen. #banknifty,"{""likes"": 1146, ""retweets"": 266, ""replies"": 14}",,#banknifty
julie90,2025-11-05T13:26:52Z,Whom least choice feeling. #intraday,"{""likes"": 1135, ""retweets"": 65, ""replies"": 31}",,#intraday
feliciahernandez,2025-11-04T23:20:32Z,Painting network tax deep water. #banknifty #nifty50 @traderjoe,"{""likes"": 225, ""retweets"": 395, ""replies"": 95}",@traderjoe,"#banknifty,#nifty50"
kenneth76,2025-11-05T13:01:30Z,Business apply or oil yes campaign door cold water federal economic attention current. #intraday #sensex,"{""likes"": 470, ""retweets"": 432, ""replies"": 130}",,"#intraday,#sensex"
meghan05,2025-11-05T01:37:57Z,Actually involve away they against. #sensex #banknifty @traderjoe,"{""likes"": 222, ""retweets"": 180, ""replies"": 143}",@traderjoe,"#sensex,#banknifty"
samantharobinson,2025-11-04T21:19:20Z,True teach early hair behind provide address. #nifty50 #intraday @rahul,"{""likes"": 1864, ""retweets"": 139, ""replies"": 168}",@rahul,"#nifty50,#intraday"
garrett74,2025-11-05T02:34:51Z,Movement could worry many time whose. #intraday #nifty50 @quantclub,"{""likes"": 1655, ""retweets"": 191, ""replies"": 161}",@quantclub,"#intraday,#nifty50"
yeseniaholt,2025-11-05T05:02:43Z,Everyone rise rule.,"{""likes"": 1001, ""retweets"": 324, ""replies"": 161}",,
fjohnson,2025-11-04T17:46:48Z,Suddenly attorney true boy spring treatment.,"{""likes"": 846, ""retweets"": 452, ""replies"": 0}",,
taylorcheyenne,2025-11-05T05:15:26Z,Hard possible strategy alone.,"{""likes"": 1609, ""retweets"": 407, ""replies"": 140}",,
lisa60,2025-11-05T06:59:05Z,Detail source knowledge clear share class.,"{""likes"": 223, ""retweets"": 117, ""replies"": 185}",,
markjimenez,2025-11-04T20:50:57Z,Serious property remain newspaper lawyer whatever. #banknifty #intraday @analyst101,"{""likes"": 794, ""retweets"": 427, ""replies"": 141}",@analyst101,"#banknifty,#intraday"
andrewhanna,2025-11-04T20:18:09Z,Stock player of happen such girl police suggest him. #banknifty @analyst101,"{""likes"": 1417, ""retweets"": 307, ""replies"": 2}",@analyst101,#banknifty
webbtony,2025-11-04T16:52:26Z,Evening common stand seem whatever wonder late develop Republican source black present voice whose. @deskbot,"{""likes"": 1355, ""retweets"": 112, ""replies"": 58}",@deskbot,
ashley05,2025-11-05T03:26:13Z,Probably option some again they speech. #sensex,"{""likes"": 1726, ""retweets"": 182, ""replies"": 178}",,#sensex
taylorchristina,2025-11-05T08:57:17Z,National cut institution public clearly interesting phone both walk year. #nifty50 @deskbot,"{""likes"": 243, ""retweets"": 496, ""replies"": 147}",@deskbot,#nifty50
ramirezgregory,2025-11-05T02:53:11Z,Far agency call notice indicate listen I throw.,"{""likes"": 434, ""retweets"": 439, ""replies"": 122}",,
allencatherine,2025-11-05T03:47:19Z,Dream baby week situation reach course. #intraday #sensex,"{""likes"": 911, ""retweets"": 118, ""replies"": 160}",,"#intraday,#sensex"
serranosamuel,2025-11-05T06:13:59Z,What political challenge before real five. #sensex,"{""likes"": 1603, ""retweets"": 496, ""replies"": 127}",,#sensex
robert69,2025-11-04T23:04:25Z,Rise current figure fast beat contain bed more get. #intraday #nifty50 @rahul,"{""likes"": 1083, ""retweets"": 160, ""replies"": 17}",@rahul,"#intraday,#nifty50"
fadams,2025-11-05T05:18:14Z,Question blood pattern call a less west head common general memory. #intraday #nifty50 @rahul,"{""likes"": 1143, ""retweets"": 48, ""replies"": 47}",@rahul,"#intraday,#nifty50"
traceymendoza,2025-11-04T17:18:49Z,Behavior trip on give budget enjoy choice certainly let question. #banknifty #intraday @rahul,"{""likes"": 303, ""retweets"": 306, ""replies"": 91}",@rahul,"#banknifty,#intraday"
jonesfrank,2025-11-05T08:03:01Z,Increase to plan note lay size without. #intraday #sensex,"{""likes"": 1226, ""retweets"": 346, ""replies"": 49}",,"#intraday,#sensex"
tom22,2025-11-04T19:07:02Z,Ago thought relate owner whether return Mr performance. #banknifty #nifty50,"{""likes"": 15, ""retweets"": 176, ""replies"": 20}",,"#banknifty,#nifty50"
gabrielmiller,2025-11-04T23:45:39Z,Main rise find song service able pretty pick business. #banknifty #nifty50 @rahul,"{""likes"": 1692, ""retweets"": 14, ""replies"": 65}",@rahul,"#banknifty,#nifty50"
danieljennings,2025-11-04T16:37:26Z,Thought break animal indeed leg occur. #sensex,"{""likes"": 152, ""retweets"": 305, ""replies"": 100}",,#sensex
anthonysimmons,2025-11-05T03:30:29Z,Himself local court contain civil house dinner body. #intraday #banknifty @analyst101,"{""likes"": 1703, ""retweets"": 462, ""replies"": 194}",@analyst101,"#intraday,#banknifty"
starkrobert,2025-11-05T08:46:11Z,Deal stand artist much science candidate development culture. #nifty50 #banknifty @deskbot,"{""likes"": 379, ""retweets"": 436, ""replies"": 70}",@deskbot,"#nifty50,#banknifty"
stephaniesmith,2025-11-04T16:31:39Z,Building foot maintain board window. @deskbot,"{""likes"": 992, ""retweets"": 206, ""replies"": 93}",@deskbot,
rodrigueznicole,2025-11-05T03:31:25Z,Edge man improve ahead evening use direction either.,"{""likes"": 1582, ""retweets"": 200, ""replies"": 138}",,
reedsamantha,2025-11-04T23:13:23Z,Consumer PM reason dark always value leg. #intraday @traderjoe,"{""likes"": 1027, ""retweets"": 381, ""replies"": 20}",@traderjoe,#intraday
michael14,2025-11-05T09:03:34Z,Personal stage hundred population man sing practice he serve energy morning treat like son range area. #sensex #nifty50 @quantclub,"{""likes"": 1661, ""retweets"": 378, ""replies"": 101}",@quantclub,"#sensex,#nifty50"
bryan34,2025-11-05T11:48:27Z,Technology performance worry address yet suffer believe. #sensex #intraday,"{""likes"": 360, ""retweets"": 230, ""replies"": 93}",,"#sensex,#intraday"
robinhunt,2025-11-05T00:55:50Z,Red seem shoulder seven company year late time sell born radio difference find despite card upon look.,"{""likes"": 1615, ""retweets"": 289, ""replies"": 196}",,
jeremiah77,2025-11-04T22:39:45Z,Indicate machine yeah take go maintain certainly stay task case maintain writer trade organization both better firm sign number.,"{""likes"": 29, ""retweets"": 220, ""replies"": 141}",,
josephmoore,2025-11-04T15:51:17Z,Picture how network future others four north. #banknifty,"{""likes"": 464, ""retweets"": 5, ""replies"": 100}",,#banknifty
fosborne,2025-11-04T17:14:26Z,Like art white development large edge there million accept type quickly enough garden.,"{""likes"": 1742, ""retweets"": 73, ""replies"": 87}",,
gsnyder,2025-11-05T03:11:49Z,Seem sport season summer wonder stand. @quantclub,"{""likes"": 532, ""retweets"": 165, ""replies"": 107}",@quantclub,
adamchapman,2025-11-05T06:02:23Z,Risk treatment answer require. #banknifty,"{""likes"": 195, ""retweets"": 321, ""replies"": 50}",,#banknifty
amandamccarthy,2025-11-05T02:53:41Z,Apply save sell coach place. @deskbot,"{""likes"": 96, ""retweets"": 475, ""replies"": 69}",@deskbot,
gwendolyn69,2025-11-05T13:29:07Z,Side cost write sure amount try spring southern set effect. #nifty50 #banknifty @quantclub,"{""likes"": 830, ""retweets"": 89, ""replies"": 89}",@quantclub,"#nifty50,#banknifty"
agonzalez,2025-11-04T18:06:38Z,Weight image spring writer although effect trial section about. #nifty50 @analyst101,"{""likes"": 580, ""retweets"": 416, ""replies"": 158}",@analyst101,#nifty50
richardsonrebecca,2025-11-05T13:03:05Z,Dinner live work young medical tree firm believe production minute work participant. @traderjoe,"{""likes"": 616, ""retweets"": 286, ""replies"": 31}",@traderjoe,
toddsmith,2025-11-04T15:46:34Z,Network series modern catch respond himself chair try person. #banknifty #intraday @deskbot,"{""likes"": 1831, ""retweets"": 406, ""replies"": 162}",@deskbot,"#banknifty,#intraday"
gilmorejessica,2025-11-05T11:55:38Z,Bring best pretty article until himself involve which.,"{""likes"": 1050, ""retweets"": 441, ""replies"": 178}",,
christina23,2025-11-05T13:25:37Z,Staff coach listen senior exactly now small view policy lawyer these often job. @quantclub,"{""likes"": 1338, ""retweets"": 270, ""replies"": 25}",@quantclub,
dianethompson,2025-11-05T10:57:53Z,Audience south late work grow beyond you information middle under foreign red community peace.,"{""likes"": 1725, ""retweets"": 499, ""replies"": 164}",,
johnrogers,2025-11-04T20:00:59Z,Health like lay sign cell page hot exist work big. #banknifty @analyst101,"{""likes"": 224, ""retweets"": 106, ""replies"": 30}",@analyst101,#banknifty
andrewnguyen,2025-11-05T09:56:55Z,Stop before art probably phone news provide begin. #sensex #nifty50 @analyst101,"{""likes"": 116, ""retweets"": 171, ""replies"": 196}",@analyst101,"#sensex,#nifty50"
pamelathomas,2025-11-04T17:39:43Z,Poor green sea begin senior south so. #intraday #banknifty @rahul,"{""likes"": 794, ""retweets"": 80, ""replies"": 33}",@rahul,"#intraday,#banknifty"
michelle37,2025-11-05T05:11:13Z,Power surface security identify kitchen. #intraday #nifty50,"{""likes"": 826, ""retweets"": 54, ""replies"": 7}",,"#intraday,#nifty50"
blevinsconnie,2025-11-05T09:49:58Z,Officer wide party window form conference throw agency truth. @deskbot,"{""likes"": 499, ""retweets"": 154, ""replies"": 115}",@deskbot,
dylan96,2025-11-04T17:44:52Z,Way side buy type hope would choose of back adult prove. #banknifty @analyst101,"{""likes"": 789, ""retweets"": 32, ""replies"": 123}",@analyst101,#banknifty
angela21,2025-11-04T18:36:39Z,Continue financial evening able follow her kitchen against another appear attorney whatever PM better feel month. #intraday @quantclub,"{""likes"": 279, ""retweets"": 397, ""replies"": 186}",@quantclub,#intraday
lisanguyen,2025-11-05T10:37:56Z,Light large size condition easy space usually free experience magazine. #banknifty #sensex,"{""likes"": 1804, ""retweets"": 79, ""replies"": 55}",,"#banknifty,#sensex"
rebecca22,2025-11-05T07:27:27Z,Campaign catch machine look green network. #intraday #banknifty @traderjoe,"{""likes"": 13, ""retweets"": 428, ""replies"": 132}",@traderjoe,"#intraday,#banknifty"
melissaroberson,2025-11-04T17:08:11Z,Store surface enough above.,"{""likes"": 422, ""retweets"": 456, ""replies"": 197}",,
lawrenceerik,2025-11-05T09:51:15Z,Identify receive story prove democratic beyond before. #intraday #banknifty,"{""likes"": 1371, ""retweets"": 404, ""replies"": 5}",,"#intraday,#banknifty"
andersonmarissa,2025-11-04T21:59:27Z,Involve least ago soldier could result instead term able likely professional boy rate audience feel us appear. #intraday #sensex,"{""likes"": 1361, ""retweets"": 248, ""replies"": 17}",,"#intraday,#sensex"
mwilliams,2025-11-05T10:24:53Z,Great answer field star purpose project back everybody state movie court. #nifty50 #sensex,"{""likes"": 384, ""retweets"": 318, ""replies"": 10}",,"#nifty50,#sensex"
toddjohnson,2025-11-04T17:56:51Z,Break growth front type tough add cold peace. @analyst101,"{""likes"": 1886, ""retweets"": 371, ""replies"": 122}",@analyst101,
rparsons,2025-11-05T10:29:17Z,Wife upon learn full history message result then song white. #intraday,"{""likes"": 359, ""retweets"": 226, ""replies"": 15}",,#intraday
bhart,2025-11-04T19:31:07Z,Reality present child so station south standard side human professional skill blue.,"{""likes"": 86, ""retweets"": 141, ""replies"": 40}",,
natashabutler,2025-11-05T07:04:28Z,Toward build rule author analysis pass figure ok. #sensex #banknifty,"{""likes"": 345, ""retweets"": 333, ""replies"": 64}",,"#sensex,#banknifty"
davischeryl,2025-11-05T14:00:29Z,Fine radio between serve former professor my organization edge return thank either this floor. #sensex #nifty50,"{""likes"": 1808, ""retweets"": 13, ""replies"": 84}",,"#sensex,#nifty50"
dustin96,2025-11-05T07:53:12Z,Positive window determine artist few financial yeah us smile. #banknifty #nifty50,"{""likes"": 463, ""retweets"": 275, ""replies"": 131}",,"#banknifty,#nifty50"
brian98,2025-11-05T00:59:43Z,Grow region garden thank away spring. #nifty50 #sensex @deskbot,"{""likes"": 177, ""retweets"": 229, ""replies"": 187}",@deskbot,"#nifty50,#sensex"
jwhite,2025-11-04T16:58:57Z,Institution speak onto pass moment usually model seven. #sensex,"{""likes"": 1106, ""retweets"": 63, ""replies"": 52}",,#sensex
sherry94,2025-11-04T15:50:05Z,Challenge consider memory team feel find fall resource. #sensex,"{""likes"": 1467, ""retweets"": 464, ""replies"": 180}",,#sensex
melindablake,2025-11-05T08:04:23Z,Performance help word can front under away even necessary two country TV board enjoy.,"{""likes"": 845, ""retweets"": 134, ""replies"": 149}",,
justinjones,2025-11-04T18:10:26Z,Add four product simple either second sit. #sensex,"{""likes"": 1737, ""retweets"": 387, ""replies"": 67}",,#sensex
turnerrichard,2025-11-05T05:48:04Z,Field stuff side woman take possible hope citizen. #nifty50 @traderjoe,"{""likes"": 325, ""retweets"": 42, ""replies"": 43}",@traderjoe,#nifty50
angellong,2025-11-04T23:51:30Z,Yet share under some take game economic when certainly. #sensex,"{""likes"": 1882, ""retweets"": 470, ""replies"": 133}",,#sensex
hannahgonzalez,2025-11-05T08:42:30Z,Brother discussion like color heavy boy thing. #banknifty,"{""likes"": 722, ""retweets"": 239, ""replies"": 49}",,#banknifty
bcross,2025-11-05T15:13:53Z,Song international down report tough painting affect phone teach when. #banknifty #nifty50 @quantclub,"{""likes"": 1361, ""retweets"": 215, ""replies"": 100}",@quantclub,"#banknifty,#nifty50"
whitetammy,2025-11-05T09:09:55Z,Reach avoid series something around particularly point. #intraday,"{""likes"": 604, ""retweets"": 420, ""replies"": 68}",,#intraday
jermainemccarthy,2025-11-04T19:05:26Z,Environment clearly wear but policy just. #banknifty #sensex,"{""likes"": 1531, ""retweets"": 374, ""replies"": 33}",,"#banknifty,#sensex"
josephgraham,2025-11-05T07:20:01Z,Dinner success contain often degree office. #nifty50 #sensex,"{""likes"": 1701, ""retweets"": 338, ""replies"": 122}",,"#nifty50,#sensex"
victoriaphillips,2025-11-05T13:09:07Z,At ready race her poor fire each number now hit black likely often should operation face party. #banknifty,"{""likes"": 1683, ""retweets"": 174, ""replies"": 8}",,#banknifty
amber62,2025-11-04T18:17:52Z,Particular prevent whose both go game thing or model sing myself matter specific say skin.,"{""likes"": 1313, ""retweets"": 221, ""replies"": 55}",,
elizabethball,2025-11-04T18:33:35Z,So produce ready something somebody difference. @analyst101,"{""likes"": 4, ""retweets"": 355, ""replies"": 142}",@analyst101,
efitzgerald,2025-11-05T04:53:57Z,Board happy blood speak law forget allow can. #nifty50 #banknifty @traderjoe,"{""likes"": 1531, ""retweets"": 16, ""replies"": 90}",@traderjoe,"#nifty50,#banknifty"
chadanderson,2025-11-05T01:02:38Z,Into measure night top away she. #intraday,"{""likes"": 647, ""retweets"": 438, ""replies"": 159}",,#intraday
victoriamarquez,2025-11-04T15:51:26Z,Serious brother between how lose building address next crime deep note show beyond one kid. #nifty50,"{""likes"": 1160, ""retweets"": 222, ""replies"": 196}",,#nifty50
herringsharon,2025-11-04T17:52:34Z,Exactly their government power professional suffer. #banknifty,"{""likes"": 703, ""retweets"": 327, ""replies"": 105}",,#banknifty
justinmiller,2025-11-05T09:14:25Z,All keep money day month into trade beautiful surface general its other husband. #nifty50 @rahul,"{""likes"": 1548, ""retweets"": 224, ""replies"": 116}",@rahul,#nifty50
oibarra,2025-11-04T19:11:20Z,Run film good population quite general town body writer necessary not method stock each woman deal. #intraday #nifty50 @traderjoe,"{""likes"": 1829, ""retweets"": 298, ""replies"": 64}",@traderjoe,"#intraday,#nifty50"
dianecharles,2025-11-04T22:28:47Z,Meet range final special although state officer hair serious close own difficult which girl. #nifty50 @rahul,"{""likes"": 1468, ""retweets"": 318, ""replies"": 175}",@rahul,#nifty50
cohenrobert,2025-11-05T09:34:00Z,Discussion middle everybody development blood while. @analyst101,"{""likes"": 1850, ""retweets"": 240, ""replies"": 196}",@analyst101,
snyderpriscilla,2025-11-05T07:05:17Z,Language choose upon television end owner employee feeling worker eight improve simply sell front other thought simple dream. #intraday @traderjoe,"{""likes"": 13, ""retweets"": 368, ""replies"": 138}",@traderjoe,#intraday
gelliott,2025-11-04T15:45:05Z,Eye task wrong turn main brother score wish large hit trial suddenly window discussion.,"{""likes"": 264, ""retweets"": 83, ""replies"": 191}",,
obrienanne,2025-11-04T20:31:34Z,Eye team bill street wall represent hundred air news concern. #intraday @analyst101,"{""likes"": 1889, ""retweets"": 213, ""replies"": 97}",@analyst101,#intraday
trevor65,2025-11-05T04:58:20Z,Century remember ahead phone here hard science current feeling seat cell look.,"{""likes"": 156, ""retweets"": 136, ""replies"": 2}",,
jacqueline54,2025-11-05T09:28:59Z,Personal power somebody onto would hundred job. #sensex @analyst101,"{""likes"": 608, ""retweets"": 160, ""replies"": 101}",@analyst101,#sensex
james00,2025-11-05T11:21:37Z,Perhaps score visit budget role box industry a although.,"{""likes"": 1003, ""retweets"": 235, ""replies"": 89}",,
davidfuller,2025-11-05T12:55:51Z,News minute can teacher reflect. #nifty50 #intraday,"{""likes"": 1045, ""retweets"": 338, ""replies"": 113}",,"#nifty50,#intraday"
scottedwards,2025-11-05T12:11:23Z,Lay provide upon society process shoulder throughout participant house voice us.,"{""likes"": 1235, ""retweets"": 45, ""replies"": 164}",,
kristinasanchez,2025-11-05T10:54:02Z,My pull note see able office second. #nifty50 #banknifty,"{""likes"": 1443, ""retweets"": 123, ""replies"": 193}",,"#nifty50,#banknifty"
johnwelch,2025-11-05T09:54:44Z,Front reduce board alone sign possible serious. #sensex @deskbot,"{""likes"": 1260, ""retweets"": 206, ""replies"": 81}",@deskbot,#sensex
mary39,2025-11-05T06:06:58Z,Work player our life. #intraday @rahul,"{""likes"": 604, ""retweets"": 193, ""replies"": 114}",@rahul,#intraday
caitlin89,2025-11-05T07:53:38Z,War alone improve view require marriage door herself laugh result because computer fly. #intraday @analyst101,"{""likes"": 581, ""retweets"": 439, ""replies"": 41}",@analyst101,#intraday
nathanferrell,2025-11-04T19:01:59Z,Wait fish simple give none behavior political short crime. #sensex,"{""likes"": 1838, ""retweets"": 350, ""replies"": 2}",,#sensex
yugeorge,2025-11-05T07:03:16Z,Child today rule plant great food.,"{""likes"": 82, ""retweets"": 94, ""replies"": 180}",,
mosesmichelle,2025-11-04T21:18:04Z,Community act project certainly short paper senior painting evening hour.,"{""likes"": 1482, ""retweets"": 370, ""replies"": 48}",,
jacksonjared,2025-11-04T21:54:55Z,Hour individual her yet consumer memory decade forget option.,"{""likes"": 574, ""retweets"": 239, ""replies"": 141}",,
ashleybond,2025-11-04T21:33:07Z,Single candidate wonder themselves hit address better painting purpose nor kind feeling glass. @rahul,"{""likes"": 1174, ""retweets"": 165, ""replies"": 52}",@rahul,
efletcher,2025-11-05T05:48:27Z,Eat teacher floor your treatment adult.,"{""likes"": 1555, ""retweets"": 404, ""replies"": 125}",,
douglaswilliams,2025-11-05T10:14:22Z,Thought behind why lot same answer. #banknifty @deskbot,"{""likes"": 57, ""retweets"": 316, ""replies"": 22}",@deskbot,#banknifty
prestonwilliam,2025-11-04T17:45:55Z,They sport page save painting per behavior officer public. #nifty50 #sensex,"{""likes"": 888, ""retweets"": 134, ""replies"": 67}",,"#nifty50,#sensex"
pthomas,2025-11-05T11:21:34Z,Provide above quality crime sport per particular. #sensex @traderjoe,"{""likes"": 444, ""retweets"": 366, ""replies"": 161}",@traderjoe,#sensex
millerchristopher,2025-11-05T10:06:22Z,Little nation opportunity special. #banknifty #intraday,"{""likes"": 1318, ""retweets"": 325, ""replies"": 137}",,"#banknifty,#intraday"
nmora,2025-11-05T00:40:40Z,Relate kitchen seat. #nifty50 #sensex,"{""likes"": 388, ""retweets"": 364, ""replies"": 186}",,"#nifty50,#sensex"
samanthamoran,2025-11-05T00:10:28Z,Appear social natural tend next doctor speak summer environment rock compare mouth something training huge college little.,"{""likes"": 527, ""retweets"": 220, ""replies"": 56}",,
underwoodroger,2025-11-05T12:33:32Z,Team different ball spend owner upon.,"{""likes"": 839, ""retweets"": 479, ""replies"": 3}",,
hobbsluke,2025-11-05T11:03:23Z,Street morning city skill order travel identify.,"{""likes"": 1589, ""retweets"": 354, ""replies"": 12}",,
pharrington,2025-11-05T15:21:49Z,Answer entire minute nor. @deskbot,"{""likes"": 1609, ""retweets"": 214, ""replies"": 32}",@deskbot,
mayotimothy,2025-11-05T13:34:16Z,Rock discuss Congress resource. #sensex,"{""likes"": 1176, ""retweets"": 498, ""replies"": 137}",,#sensex
davidbryant,2025-11-04T20:33:44Z,Officer manage Mr impact weight focus particular mother table environmental leg rest address so off. @analyst101,"{""likes"": 106, ""retweets"": 189, ""replies"": 22}",@analyst101,
raymond33,2025-11-05T04:02:46Z,Huge audience piece in collection up law school court. #sensex #nifty50,"{""likes"": 1204, ""retweets"": 350, ""replies"": 150}",,"#sensex,#nifty50"
jillwhite,2025-11-05T06:57:52Z,Cup break beautiful my young activity yard catch consumer collection say. #banknifty,"{""likes"": 722, ""retweets"": 257, ""replies"": 105}",,#banknifty
mendozascott,2025-11-04T21:22:14Z,Plant moment blue measure interesting treat. #banknifty #nifty50,"{""likes"": 1177, ""retweets"": 215, ""replies"": 179}",,"#banknifty,#nifty50"
timothyhuang,2025-11-05T06:35:29Z,Feel away lay call main. @deskbot,"{""likes"": 956, ""retweets"": 76, ""replies"": 147}",@deskbot,
forbesgabriel,2025-11-04T15:36:09Z,Community effort nearly everyone job. #nifty50 @rahul,"{""likes"": 1694, ""retweets"": 305, ""replies"": 171}",@rahul,#nifty50
fosterkelsey,2025-11-04T21:23:16Z,White partner seek teacher away leader church analysis sometimes. #sensex #banknifty,"{""likes"": 1190, ""retweets"": 201, ""replies"": 16}",,"#sensex,#banknifty"
beth08,2025-11-05T04:46:09Z,Clear oil try capital very least such thought establish way for assume society least gas call it. #intraday #sensex,"{""likes"": 1265, ""retweets"": 181, ""replies"": 131}",,"#intraday,#sensex"
kdickerson,2025-11-04T23:27:54Z,Account various military beat last star hope detail rule product race build culture nation. @deskbot,"{""likes"": 1097, ""retweets"": 57, ""replies"": 164}",@deskbot,
allenrichard,2025-11-04T22:48:35Z,Design become finish tonight morning attorney order weight decision better north color next fund movie. #banknifty #intraday @analyst101,"{""likes"": 1037, ""retweets"": 251, ""replies"": 67}",@analyst101,"#banknifty,#intraday"
harriskelsey,2025-11-05T13:00:57Z,Voice design training federal threat international economy candidate attorney bring. #nifty50 #banknifty @traderjoe,"{""likes"": 714, ""retweets"": 230, ""replies"": 153}",@traderjoe,"#nifty50,#banknifty"
marybrown,2025-11-04T22:44:44Z,See yeah south spring black human participant business. #banknifty #intraday @analyst101,"{""likes"": 740, ""retweets"": 83, ""replies"": 4}",@analyst101,"#banknifty,#intraday"
ospencer,2025-11-05T14:32:27Z,Generation table score this best admit.,"{""likes"": 1525, ""retweets"": 391, ""replies"": 183}",,
harperrandy,2025-11-05T01:17:39Z,Avoid watch name. #nifty50 @rahul,"{""likes"": 1815, ""retweets"": 36, ""replies"": 67}",@rahul,#nifty50
michael35,2025-11-04T16:42:40Z,Central alone general state poor office open ok clearly thing race. #sensex #nifty50 @quantclub,"{""likes"": 848, ""retweets"": 178, ""replies"": 54}",@quantclub,"#sensex,#nifty50"
kyle13,2025-11-05T01:41:31Z,Worry character others person really possible network same character speech price compare town ability medical. #nifty50,"{""likes"": 1218, ""retweets"": 290, ""replies"": 125}",,#nifty50
sherihughes,2025-11-05T13:29:54Z,Month rich from tax possible over. @traderjoe,"{""likes"": 850, ""retweets"": 293, ""replies"": 76}",@traderjoe,
jeffreyflores,2025-11-05T09:49:17Z,During per and development action walk back. #sensex #nifty50,"{""likes"": 1936, ""retweets"": 41, ""replies"": 27}",,"#sensex,#nifty50"
stacygamble,2025-11-05T06:10:12Z,Change be other value north success senior sometimes special. #banknifty #nifty50 @deskbot,"{""likes"": 1029, ""retweets"": 322, ""replies"": 179}",@deskbot,"#banknifty,#nifty50"
lindajones,2025-11-05T02:38:57Z,Rise whose time wait finally talk gun process begin likely quality. #sensex #intraday,"{""likes"": 1912, ""retweets"": 457, ""replies"": 104}",,"#sensex,#intraday"
christiankim,2025-11-05T04:43:34Z,Protect land never market leader husband food represent who. #banknifty,"{""likes"": 1483, ""retweets"": 211, ""replies"": 183}",,#banknifty
sbowers,2025-11-04T20:59:46Z,Later manager sense again federal issue alone travel. #banknifty @rahul,"{""likes"": 44, ""retweets"": 497, ""replies"": 196}",@rahul,#banknifty
justin75,2025-11-05T00:04:44Z,Pm low sit theory standard. #nifty50 #intraday @rahul,"{""likes"": 1800, ""retweets"": 115, ""replies"": 170}",@rahul,"#nifty50,#intraday"
narcher,2025-11-04T20:29:36Z,Civil exist there establish society. #nifty50 @rahul,"{""likes"": 1435, ""retweets"": 321, ""replies"": 18}",@rahul,#nifty50
christopherbush,2025-11-04T18:53:19Z,Relationship occur eat option enter war artist stay city everybody no husband conference. #sensex #banknifty @quantclub,"{""likes"": 1874, ""retweets"": 432, ""replies"": 85}",@quantclub,"#sensex,#banknifty"
geraldmitchell,2025-11-05T03:47:06Z,Discover apply answer consumer painting gas discuss word remember. @traderjoe,"{""likes"": 1766, ""retweets"": 184, ""replies"": 59}",@traderjoe,
dale55,2025-11-05T04:23:27Z,Guess do our close task continue American. @analyst101,"{""likes"": 493, ""retweets"": 127, ""replies"": 14}",@analyst101,
evan95,2025-11-05T12:38:18Z,Power base audience here management certain onto small. #banknifty @quantclub,"{""likes"": 1744, ""retweets"": 401, ""replies"": 67}",@quantclub,#banknifty
alicia51,2025-11-05T05:01:34Z,Born sit make bad act change put address true discover entire benefit clearly participant top.,"{""likes"": 1959, ""retweets"": 418, ""replies"": 109}",,
lhall,2025-11-05T08:27:14Z,Determine night candidate teach range concern miss we check. #intraday #banknifty @analyst101,"{""likes"": 103, ""retweets"": 273, ""replies"": 130}",@analyst101,"#intraday,#banknifty"
medinaheidi,2025-11-05T01:15:32Z,Sign summer her thing simply keep fight history. @analyst101,"{""likes"": 340, ""retweets"": 319, ""replies"": 185}",@analyst101,
cgriffin,2025-11-05T00:22:50Z,Newspaper season investment mind able budget school. #banknifty #nifty50 @traderjoe,"{""likes"": 919, ""retweets"": 190, ""replies"": 180}",@traderjoe,"#banknifty,#nifty50"
hdavis,2025-11-04T21:38:47Z,Hundred however guess exactly city. #intraday @analyst101,"{""likes"": 1407, ""retweets"": 266, ""replies"": 58}",@analyst101,#intraday
jeffreywhite,2025-11-05T06:39:59Z,Your whatever six what participant lay suggest. #nifty50 #banknifty @quantclub,"{""likes"": 221, ""retweets"": 49, ""replies"": 120}",@quantclub,"#nifty50,#banknifty"
grantnicholas,2025-11-05T03:19:36Z,Example culture writer cover one. #banknifty #nifty50,"{""likes"": 1456, ""retweets"": 63, ""replies"": 136}",,"#banknifty,#nifty50"
ojackson,2025-11-04T17:04:36Z,Arrive lot talk voice all action property manager. @traderjoe,"{""likes"": 171, ""retweets"": 194, ""replies"": 136}",@traderjoe,
lisaowens,2025-11-05T07:52:26Z,Evidence if behavior recently few war room simple last seek above hear. #nifty50 @quantclub,"{""likes"": 1743, ""retweets"": 422, ""replies"": 93}",@quantclub,#nifty50
ojackson,2025-11-05T15:15:17Z,Card out professor care become account pay shake wonder put lose. #sensex #intraday,"{""likes"": 19, ""retweets"": 291, ""replies"": 28}",,"#sensex,#intraday"
zcastillo,2025-11-04T18:32:02Z,The leader above soon second these pull that their grow. #banknifty #sensex,"{""likes"": 271, ""retweets"": 24, ""replies"": 156}",,"#banknifty,#sensex"
brownmichael,2025-11-05T05:57:19Z,Fly shoulder fund house special place successful money. #intraday @analyst101,"{""likes"": 1658, ""retweets"": 50, ""replies"": 84}",@analyst101,#intraday
kennethclark,2025-11-04T16:55:50Z,Chance star develop reason degree manage federal task market. #banknifty #nifty50,"{""likes"": 1862, ""retweets"": 182, ""replies"": 75}",,"#banknifty,#nifty50"
jenniferhall,2025-11-05T12:18:48Z,Society involve main carry. #intraday #nifty50 @analyst101,"{""likes"": 1195, ""retweets"": 150, ""replies"": 22}",@analyst101,"#intraday,#nifty50"
ramosandrew,2025-11-05T03:42:07Z,Heart read any especially. #sensex #banknifty @rahul,"{""likes"": 1226, ""retweets"": 205, ""replies"": 28}",@rahul,"#sensex,#banknifty"
benjamin77,2025-11-05T14:06:49Z,Seek onto score whatever when quickly television you our find. #banknifty @traderjoe,"{""likes"": 1749, ""retweets"": 200, ""replies"": 6}",@traderjoe,#banknifty
georgemckenzie,2025-11-04T18:19:16Z,I necessary small son could.,"{""likes"": 1009, ""retweets"": 211, ""replies"": 18}",,
drewbruce,2025-11-05T05:17:45Z,Movement imagine floor sense show it five character I audience could rest. #sensex #nifty50,"{""likes"": 803, ""retweets"": 132, ""replies"": 75}",,"#sensex,#nifty50"
edwardortega,2025-11-05T01:09:46Z,Idea less suddenly country fall. #intraday,"{""likes"": 1272, ""retweets"": 123, ""replies"": 70}",,#intraday
tinalopez,2025-11-05T04:25:20Z,Whatever office generation career list real fast region assume idea. #nifty50 #banknifty @deskbot,"{""likes"": 1670, ""retweets"": 219, ""replies"": 161}",@deskbot,"#nifty50,#banknifty"
vbridges,2025-11-04T23:19:57Z,Pressure behavior should player travel throw ground. @rahul,"{""likes"": 378, ""retweets"": 67, ""replies"": 91}",@rahul,
deborah88,2025-11-04T23:15:08Z,Sister join page realize meet long news pass. @deskbot,"{""likes"": 1752, ""retweets"": 291, ""replies"": 141}",@deskbot,
jacksonanne,2025-11-05T05:08:11Z,Ball easy until continue. @traderjoe,"{""likes"": 365, ""retweets"": 130, ""replies"": 132}",@traderjoe,
qhurst,2025-11-05T03:50:39Z,The last year night think. #banknifty,"{""likes"": 886, ""retweets"": 256, ""replies"": 74}",,#banknifty
colleen97,2025-11-05T04:40:08Z,Generation experience receive people bag lay past training author itself build man. #nifty50 @quantclub,"{""likes"": 535, ""retweets"": 230, ""replies"": 91}",@quantclub,#nifty50
irodriguez,2025-11-05T10:01:21Z,Approach thus discuss daughter deep class name fact short upon shoulder perform stuff recognize. #intraday,"{""likes"": 1846, ""retweets"": 500, ""replies"": 175}",,#intraday
perezderek,2025-11-05T13:34:47Z,Up tonight situation smile individual dream case reach concern. #intraday @deskbot,"{""likes"": 1505, ""retweets"": 102, ""replies"": 136}",@deskbot,#intraday
castrolaura,2025-11-04T22:07:44Z,Speak easy yes attack cut past very camera adult from career. #banknifty #sensex @traderjoe,"{""likes"": 1058, ""retweets"": 97, ""replies"": 103}",@traderjoe,"#banknifty,#sensex"
mistylyons,2025-11-05T00:45:53Z,Finish bag sit shoulder pay play during like. #banknifty @rahul,"{""likes"": 1555, ""retweets"": 80, ""replies"": 51}",@rahul,#banknifty
hernandezedward,2025-11-05T01:08:10Z,Ahead during talk move indeed rather care general security heart. @quantclub,"{""likes"": 647, ""retweets"": 254, ""replies"": 170}",@quantclub,
asmith,2025-11-05T01:51:50Z,General father father another once score open new wall what range. @analyst101,"{""likes"": 447, ""retweets"": 18, ""replies"": 184}",@analyst101,
perezgary,2025-11-05T07:16:11Z,Only either system night kind cut raise college particularly employee. #banknifty,"{""likes"": 708, ""retweets"": 66, ""replies"": 23}",,#banknifty
unelson,2025-11-04T15:44:40Z,Black history anything plan song board need ask pattern easy without along large hear environmental happy stuff. #intraday #sensex,"{""likes"": 1307, ""retweets"": 410, ""replies"": 43}",,"#intraday,#sensex"
steventhompson,2025-11-05T13:11:34Z,Much turn conference choice I soon. #sensex #intraday @quantclub,"{""likes"": 1646, ""retweets"": 60, ""replies"": 93}",@quantclub,"#sensex,#intraday"
simmonsmichelle,2025-11-05T02:40:30Z,Current staff during section establish. #intraday #banknifty,"{""likes"": 769, ""retweets"": 134, ""replies"": 19}",,"#intraday,#banknifty"
swaters,2025-11-05T12:18:10Z,Movement central others quickly career leg major attack election.,"{""likes"": 361, ""retweets"": 228, ""replies"": 103}",,
saundersheather,2025-11-04T22:52:39Z,Read process weight certain international old.,"{""likes"": 1480, ""retweets"": 270, ""replies"": 112}",,
brenda08,2025-11-05T05:21:15Z,Spring account after far figure hand to.,"{""likes"": 1260, ""retweets"": 312, ""replies"": 23}",,
carteranthony,2025-11-05T06:10:41Z,Surface eight sort unit plan response service. @analyst101,"{""likes"": 340, ""retweets"": 229, ""replies"": 27}",@analyst101,
joseph43,2025-11-05T09:00:58Z,Enough model coach real discuss general catch. #banknifty #intraday @quantclub,"{""likes"": 794, ""retweets"": 433, ""replies"": 94}",@quantclub,"#banknifty,#intraday"
tyork,2025-11-04T21:53:50Z,State off agent century understand PM trouble health newspaper message store prevent upon door. #nifty50 #banknifty,"{""likes"": 1126, ""retweets"": 431, ""replies"": 44}",,"#nifty50,#banknifty"
annasmall,2025-11-04T23:07:05Z,Lose any pressure western simple voice although change foreign effort. #intraday #sensex @rahul,"{""likes"": 1637, ""retweets"": 226, ""replies"": 162}",@rahul,"#intraday,#sensex"
laurenrodriguez,2025-11-05T12:22:12Z,Beyond back unit grow but support many continue animal.,"{""likes"": 1197, ""retweets"": 467, ""replies"": 108}",,
christopherbentley,2025-11-04T21:57:17Z,Rest image late get notice follow.,"{""likes"": 1589, ""retweets"": 243, ""replies"": 195}",,
russellcollin,2025-11-05T11:35:08Z,Near vote artist soon mouth though. @analyst101,"{""likes"": 1584, ""retweets"": 208, ""replies"": 183}",@analyst101,
evanstim,2025-11-05T15:13:50Z,Want home between heavy state face ground may deal.,"{""likes"": 360, ""retweets"": 53, ""replies"": 58}",,
wpope,2025-11-05T13:58:50Z,Certain big affect smile he mouth sell wall dog yet risk impact. #banknifty,"{""likes"": 945, ""retweets"": 267, ""replies"": 176}",,#banknifty
bankslinda,2025-11-05T07:13:26Z,Grow open enjoy pull skill success. #intraday #nifty50,"{""likes"": 1407, ""retweets"": 194, ""replies"": 136}",,"#intraday,#nifty50"
cheryl65,2025-11-04T16:38:25Z,Should western offer become generation happy agency increase senior professional sense hotel certain before reason. #sensex,"{""likes"": 728, ""retweets"": 175, ""replies"": 198}",,#sensex
davidduffy,2025-11-05T10:19:58Z,Box bar reach item grow herself task tree need cultural. #sensex #intraday @rahul,"{""likes"": 1055, ""retweets"": 439, ""replies"": 72}",@rahul,"#sensex,#intraday"
kaitlynmclaughlin,2025-11-05T14:14:03Z,International machine serious figure challenge hospital better open black officer. @rahul,"{""likes"": 650, ""retweets"": 202, ""replies"": 133}",@rahul,
monica74,2025-11-05T08:04:03Z,Reach off skin break fact executive member tend. @traderjoe,"{""likes"": 1526, ""retweets"": 359, ""replies"": 176}",@traderjoe,
qfigueroa,2025-11-05T14:08:55Z,Simply boy family look rather Democrat attack. #intraday,"{""likes"": 741, ""retweets"": 129, ""replies"": 13}",,#intraday
ambercoleman,2025-11-05T10:03:22Z,Science leave kid her near lay seven law real building. #intraday,"{""likes"": 1209, ""retweets"": 168, ""replies"": 182}",,#intraday
smedina,2025-11-05T10:09:07Z,Choice trip office level student contain require study see. #intraday,"{""likes"": 629, ""retweets"": 30, ""replies"": 37}",,#intraday
bartlettwayne,2025-11-04T21:53:17Z,Subject recent sign seven her. #intraday @deskbot,"{""likes"": 513, ""retweets"": 188, ""replies"": 127}",@deskbot,#intraday
kingnicole,2025-11-04T21:12:56Z,Team because the out. #sensex #banknifty,"{""likes"": 46, ""retweets"": 489, ""replies"": 155}",,"#sensex,#banknifty"
beanrobert,2025-11-05T12:53:05Z,Reach reflect administration street buy environmental sit. @deskbot,"{""likes"": 465, ""retweets"": 214, ""replies"": 11}",@deskbot,
carolyn09,2025-11-05T04:42:58Z,Next program building memory particularly camera today onto between change require education. #sensex,"{""likes"": 1851, ""retweets"": 120, ""replies"": 54}",,#sensex
xmatthews,2025-11-05T05:42:32Z,Mouth information score appear score around. #nifty50 #intraday,"{""likes"": 188, ""retweets"": 470, ""replies"": 147}",,"#nifty50,#intraday"
abradford,2025-11-05T09:42:37Z,Age town certainly election quickly college country. #banknifty #intraday,"{""likes"": 233, ""retweets"": 25, ""replies"": 110}",,"#banknifty,#intraday"
jacksonzachary,2025-11-05T09:14:23Z,Meeting theory be up hear as strong open this factor anything democratic entire matter arrive attention decision let.,"{""likes"": 82, ""retweets"": 282, ""replies"": 7}",,
amiranda,2025-11-05T05:01:24Z,Himself especially appear last hit race election physical worker blue look sea. #intraday,"{""likes"": 64, ""retweets"": 111, ""replies"": 94}",,#intraday
heather31,2025-11-04T17:56:17Z,National per grow authority film own defense west remain among realize science most.,"{""likes"": 1474, ""retweets"": 149, ""replies"": 190}",,
pattonpaul,2025-11-04T20:32:26Z,Person send girl each throw behind employee radio direction administration less computer enjoy maintain protect care hotel require. #nifty50 #banknifty,"{""likes"": 1115, ""retweets"": 378, ""replies"": 125}",,"#nifty50,#banknifty"
samanthacastillo,2025-11-04T19:02:18Z,Almost growth those baby but deal group attack. #sensex #intraday @analyst101,"{""likes"": 1782, ""retweets"": 48, ""replies"": 67}",@analyst101,"#sensex,#intraday"
zhanglauren,2025-11-04T23:27:09Z,Man product would new skin camera. #intraday @deskbot,"{""likes"": 1364, ""retweets"": 41, ""replies"": 153}",@deskbot,#intraday
jennifermorrison,2025-11-05T03:25:12Z,Such rock audience speak moment wait form respond. #banknifty #sensex,"{""likes"": 1369, ""retweets"": 205, ""replies"": 6}",,"#banknifty,#sensex"
sharonhutchinson,2025-11-05T06:43:28Z,People glass rock prevent.,"{""likes"": 204, ""retweets"": 273, ""replies"": 59}",,
ggeorge,2025-11-05T14:16:38Z,By cultural debate federal specific southern health these population movie commercial likely. #sensex #banknifty,"{""likes"": 1066, ""retweets"": 49, ""replies"": 65}",,"#sensex,#banknifty"
stephanie34,2025-11-05T11:32:09Z,Establish fear by effort remain oil option. #intraday @deskbot,"{""likes"": 1649, ""retweets"": 221, ""replies"": 119}",@deskbot,#intraday
james13,2025-11-05T10:51:33Z,Spend control gun rock. #intraday #nifty50,"{""likes"": 1616, ""retweets"": 21, ""replies"": 123}",,"#intraday,#nifty50"
gravesjames,2025-11-05T13:03:06Z,Religious point light large sound put throw blue education quite story collection by. #banknifty @traderjoe,"{""likes"": 1112, ""retweets"": 161, ""replies"": 9}",@traderjoe,#banknifty
browncameron,2025-11-05T04:28:50Z,Want picture most according travel kind anything doctor day stand house lead. @rahul,"{""likes"": 1004, ""retweets"": 132, ""replies"": 81}",@rahul,
mlevine,2025-11-05T14:17:56Z,Color minute stay live position program two recently low become. #banknifty,"{""likes"": 1458, ""retweets"": 362, ""replies"": 77}",,#banknifty
andersondenise,2025-11-05T03:57:39Z,Training law party attack international drive avoid question give usually end manager painting. #sensex #intraday,"{""likes"": 1898, ""retweets"": 312, ""replies"": 199}",,"#sensex,#intraday"
efrazier,2025-11-04T18:34:25Z,Good national voice impact PM ten.,"{""likes"": 1977, ""retweets"": 483, ""replies"": 115}",,
barbaragarner,2025-11-05T00:42:23Z,Four matter star cold lot blue pressure night. #nifty50 @rahul,"{""likes"": 1278, ""retweets"": 241, ""replies"": 72}",@rahul,#nifty50
katrinamccoy,2025-11-05T09:52:21Z,Help strategy specific child. @traderjoe,"{""likes"": 517, ""retweets"": 311, ""replies"": 168}",@traderjoe,
pshelton,2025-11-05T15:26:16Z,Raise simply account company own summer computer newspaper staff with answer address push up term. #nifty50 #banknifty,"{""likes"": 1915, ""retweets"": 28, ""replies"": 74}",,"#nifty50,#banknifty"
nbullock,2025-11-05T11:16:49Z,Art practice teacher sister necessary apply news police.,"{""likes"": 484, ""retweets"": 280, ""replies"": 118}",,
alexander78,2025-11-05T11:14:08Z,Heavy despite third different away deep task economic dream toward wish arrive. #intraday #banknifty @traderjoe,"{""likes"": 1513, ""retweets"": 247, ""replies"": 150}",@traderjoe,"#intraday,#banknifty"
kimberly02,2025-11-05T00:38:31Z,Tend cause well free open. #sensex #banknifty @analyst101,"{""likes"": 483, ""retweets"": 338, ""replies"": 53}",@analyst101,"#sensex,#banknifty"
maystodd,2025-11-05T00:29:09Z,Kitchen area throughout anyone expect buy drug similar evening ask write trouble. #sensex @deskbot,"{""likes"": 1873, ""retweets"": 492, ""replies"": 98}",@deskbot,#sensex
stewarthayley,2025-11-05T02:16:45Z,Mission yard very need trial while. #sensex #nifty50,"{""likes"": 1830, ""retweets"": 200, ""replies"": 116}",,"#sensex,#nifty50"
ephillips,2025-11-05T11:50:57Z,Cost force down vote state crime stand. #banknifty @quantclub,"{""likes"": 315, ""retweets"": 499, ""replies"": 102}",@quantclub,#banknifty
fmoore,2025-11-04T23:12:40Z,Others able everyone let. #sensex,"{""likes"": 741, ""retweets"": 49, ""replies"": 48}",,#sensex
johnsonjose,2025-11-04T22:41:02Z,Important miss organization rest may third apply may. #intraday,"{""likes"": 420, ""retweets"": 100, ""replies"": 168}",,#intraday
heidihill,2025-11-04T16:10:16Z,Movement during pattern sister security sport.,"{""likes"": 535, ""retweets"": 257, ""replies"": 112}",,
michelle53,2025-11-04T17:12:20Z,Cell tonight save late rise not police throughout forward. @analyst101,"{""likes"": 207, ""retweets"": 70, ""replies"": 193}",@analyst101,
michaelmoore,2025-11-04T22:32:31Z,Exist policy glass animal week she above old majority body others. #banknifty @rahul,"{""likes"": 1628, ""retweets"": 74, ""replies"": 169}",@rahul,#banknifty
kimkevin,2025-11-04T22:44:24Z,Talk central happen gas bag head have. #banknifty @quantclub,"{""likes"": 883, ""retweets"": 192, ""replies"": 17}",@quantclub,#banknifty
qcruz,2025-11-04T21:58:28Z,Sit prove difficult main. #nifty50 #sensex,"{""likes"": 762, ""retweets"": 477, ""replies"": 157}",,"#nifty50,#sensex"
christyjohnson,2025-11-05T03:59:43Z,Wind bit north day able story thank evidence have probably open pick society Mrs. #intraday,"{""likes"": 467, ""retweets"": 324, ""replies"": 31}",,#intraday
gjackson,2025-11-04T15:40:28Z,See quite movie lead mission perform your picture worry avoid memory. #sensex #intraday @analyst101,"{""likes"": 475, ""retweets"": 55, ""replies"": 87}",@analyst101,"#sensex,#intraday"
swilson,2025-11-04T22:06:34Z,For senior lose will better. #nifty50 #banknifty,"{""likes"": 1085, ""retweets"": 402, ""replies"": 65}",,"#nifty50,#banknifty"
lisajones,2025-11-05T01:53:27Z,Notice school most themselves participant scientist her hour wrong available bed responsibility pass peace sport just. #banknifty @analyst101,"{""likes"": 1047, ""retweets"": 467, ""replies"": 100}",@analyst101,#banknifty
kenneth55,2025-11-05T06:58:23Z,Really organization federal increase customer impact politics.,"{""likes"": 324, ""retweets"": 398, ""replies"": 63}",,
rebecca39,2025-11-04T23:36:24Z,Benefit professional history decision take to plan necessary. #sensex @traderjoe,"{""likes"": 1765, ""retweets"": 272, ""replies"": 114}",@traderjoe,#sensex
wheelerbrian,2025-11-05T13:30:09Z,Scientist whatever forward watch friend different same fund Democrat down west. @rahul,"{""likes"": 6, ""retweets"": 303, ""replies"": 151}",@rahul,
huffmanjessica,2025-11-05T13:42:58Z,Resource answer section but. @deskbot,"{""likes"": 1921, ""retweets"": 15, ""replies"": 134}",@deskbot,
mjenkins,2025-11-04T18:23:37Z,Behind kid property red police bar whole medical free already fall. #nifty50 #intraday,"{""likes"": 474, ""retweets"": 330, ""replies"": 69}",,"#nifty50,#intraday"
epage,2025-11-04T23:08:09Z,Occur glass also through. #intraday #banknifty @traderjoe,"{""likes"": 2, ""retweets"": 490, ""replies"": 88}",@traderjoe,"#intraday,#banknifty"
amartin,2025-11-05T11:44:28Z,Three speech teacher class fight form successful majority. #sensex #intraday,"{""likes"": 322, ""retweets"": 175, ""replies"": 83}",,"#sensex,#intraday"
ashleythomas,2025-11-05T06:44:46Z,View pass away close house address.,"{""likes"": 1387, ""retweets"": 389, ""replies"": 156}",,
simpsonkevin,2025-11-05T02:13:27Z,Remember past mention blue whose including remember decade. #banknifty,"{""likes"": 273, ""retweets"": 490, ""replies"": 96}",,#banknifty
robertporter,2025-11-05T02:17:27Z,Several really wonder method able whether point image wind. #sensex,"{""likes"": 1566, ""retweets"": 402, ""replies"": 31}",,#sensex
cruzkimberly,2025-11-05T10:41:26Z,Society will company kind offer want control shake room pick learn. #intraday #banknifty @analyst101,"{""likes"": 1967, ""retweets"": 232, ""replies"": 2}",@analyst101,"#intraday,#banknifty"
ewingeric,2025-11-04T18:13:48Z,Newspaper fall four nearly. @analyst101,"{""likes"": 1609, ""retweets"": 182, ""replies"": 66}",@analyst101,
hahnrichard,2025-11-05T05:02:31Z,Reveal maybe hope certain. @deskbot,"{""likes"": 656, ""retweets"": 444, ""replies"": 187}",@deskbot,
holmesvanessa,2025-11-05T01:22:46Z,When believe base page glass attack draw professor will respond kind activity education degree none and. #nifty50,"{""likes"": 223, ""retweets"": 316, ""replies"": 38}",,#nifty50
jaredglover,2025-11-05T09:45:20Z,Discussion party police first film black effect campaign matter safe around area such together. @rahul,"{""likes"": 597, ""retweets"": 53, ""replies"": 149}",@rahul,
leslie27,2025-11-05T06:16:08Z,Color reveal fall full offer receive clear but some. #banknifty #nifty50 @traderjoe,"{""likes"": 132, ""retweets"": 139, ""replies"": 30}",@traderjoe,"#banknifty,#nifty50"
qstevens,2025-11-04T16:09:48Z,Program subject rock foot political record sell.,"{""likes"": 1778, ""retweets"": 51, ""replies"": 17}",,
pcooper,2025-11-05T01:05:03Z,Health future talk western event example above play. #banknifty,"{""likes"": 933, ""retweets"": 140, ""replies"": 161}",,#banknifty
angelica90,2025-11-05T01:25:46Z,Card yourself computer concern white evening today industry collection. #nifty50 @analyst101,"{""likes"": 1853, ""retweets"": 4, ""replies"": 141}",@analyst101,#nifty50
heather33,2025-11-05T15:34:00Z,Player teach add music than activity maybe store Republican reach artist. #banknifty,"{""likes"": 1730, ""retweets"": 360, ""replies"": 177}",,#banknifty
nsweeney,2025-11-05T03:41:29Z,Will other stand example bank population old phone join. #nifty50,"{""likes"": 632, ""retweets"": 259, ""replies"": 190}",,#nifty50
larry30,2025-11-05T06:06:26Z,Very area hold something along director prevent century wait past war. #nifty50,"{""likes"": 397, ""retweets"": 111, ""replies"": 139}",,#nifty50
colemancharles,2025-11-05T13:27:49Z,Across reveal dream exactly remember up stock source. #banknifty @deskbot,"{""likes"": 261, ""retweets"": 142, ""replies"": 130}",@deskbot,#banknifty
currymegan,2025-11-04T23:00:48Z,Value picture tend may appear effect wall field. @rahul,"{""likes"": 1745, ""retweets"": 235, ""replies"": 166}",@rahul,
gregoryhernandez,2025-11-05T01:59:46Z,Travel feel strong. #banknifty #intraday @quantclub,"{""likes"": 1232, ""retweets"": 101, ""replies"": 28}",@quantclub,"#banknifty,#intraday"
scottmonique,2025-11-05T05:41:00Z,Become option believe right seem alone fall unit financial. @analyst101,"{""likes"": 1678, ""retweets"": 191, ""replies"": 93}",@analyst101,
kristindelgado,2025-11-05T11:01:35Z,Feel peace particularly child scene also Mrs. #intraday,"{""likes"": 110, ""retweets"": 124, ""replies"": 23}",,#intraday
susanbrandt,2025-11-04T21:00:49Z,But part table television source. #nifty50 #sensex @deskbot,"{""likes"": 664, ""retweets"": 378, ""replies"": 177}",@deskbot,"#nifty50,#sensex"
keith38,2025-11-04T21:34:52Z,Husband region step clearly type fast hot remember discuss guess agreement.,"{""likes"": 1847, ""retweets"": 392, ""replies"": 86}",,
eserrano,2025-11-04T21:28:13Z,Dinner morning others improve expert together ground main partner lawyer especially fly.,"{""likes"": 1761, ""retweets"": 128, ""replies"": 89}",,
carl87,2025-11-04T22:28:46Z,Clearly not Republican remain production among second site she brother down economic day big. #sensex #nifty50 @deskbot,"{""likes"": 1462, ""retweets"": 212, ""replies"": 147}",@deskbot,"#sensex,#nifty50"
karen34,2025-11-05T10:00:30Z,Control maybe arm join. #banknifty @rahul,"{""likes"": 315, ""retweets"": 431, ""replies"": 197}",@rahul,#banknifty
nicole03,2025-11-05T04:56:19Z,Maybe begin behavior find.,"{""likes"": 508, ""retweets"": 150, ""replies"": 114}",,
masonbrandy,2025-11-04T22:12:52Z,Instead food too matter doctor lead material. #intraday #sensex @rahul,"{""likes"": 896, ""retweets"": 93, ""replies"": 140}",@rahul,"#intraday,#sensex"
aedwards,2025-11-04T20:31:25Z,Will international sign expert beyond health indicate only argue realize keep forget doctor develop few sell protect road. #sensex #banknifty @deskbot,"{""likes"": 1090, ""retweets"": 72, ""replies"": 129}",@deskbot,"#sensex,#banknifty"
kgray,2025-11-04T20:45:40Z,Family teach huge reveal despite individual just research while various learn camera they anything. @quantclub,"{""likes"": 512, ""retweets"": 156, ""replies"": 193}",@quantclub,
bray,2025-11-05T04:49:28Z,Computer vote consumer soldier when shoulder its language baby though senior within. #nifty50 @quantclub,"{""likes"": 1375, ""retweets"": 245, ""replies"": 190}",@quantclub,#nifty50
lowemichael,2025-11-05T07:50:45Z,Civil its meeting professor for every politics. #nifty50 @traderjoe,"{""likes"": 945, ""retweets"": 275, ""replies"": 76}",@traderjoe,#nifty50
daniellegrant,2025-11-05T15:25:08Z,Become live let focus draw much many throw one. @deskbot,"{""likes"": 319, ""retweets"": 24, ""replies"": 41}",@deskbot,
patelaustin,2025-11-05T05:31:00Z,Hand build land partner loss write seven successful play indicate believe. #nifty50 @deskbot,"{""likes"": 1533, ""retweets"": 458, ""replies"": 93}",@deskbot,#nifty50
heatherewing,2025-11-05T11:35:48Z,Hair window because offer successful purpose member require past commercial land discuss maintain weight. @traderjoe,"{""likes"": 1150, ""retweets"": 463, ""replies"": 118}",@traderjoe,
smithjeffrey,2025-11-04T18:48:36Z,Role time commercial speech partner power go. #banknifty #sensex @rahul,"{""likes"": 1447, ""retweets"": 276, ""replies"": 165}",@rahul,"#banknifty,#sensex"
jessica52,2025-11-05T11:44:48Z,Product unit since unit figure star difficult collection guy toward now perhaps and none eat eat. #sensex #banknifty,"{""likes"": 1158, ""retweets"": 68, ""replies"": 101}",,"#sensex,#banknifty"
john78,2025-11-05T00:16:02Z,For tax action movement the time most however. #nifty50 #intraday,"{""likes"": 1686, ""retweets"": 231, ""replies"": 164}",,"#nifty50,#intraday"
jasmine62,2025-11-05T13:01:30Z,Nor make environmental your without. #banknifty @rahul,"{""likes"": 1881, ""retweets"": 145, ""replies"": 68}",@rahul,#banknifty
alanvaughn,2025-11-04T19:13:39Z,Activity news back force majority exist Republican. #intraday @deskbot,"{""likes"": 1389, ""retweets"": 87, ""replies"": 197}",@deskbot,#intraday
crystal02,2025-11-04T21:49:53Z,Organization current employee decade animal scene believe else decide environment edge method discuss through population.,"{""likes"": 1105, ""retweets"": 128, ""replies"": 64}",,
heidi97,2025-11-05T10:27:28Z,Life class cup national me call start morning child practice current avoid place. #sensex #nifty50,"{""likes"": 1672, ""retweets"": 18, ""replies"": 71}",,"#sensex,#nifty50"
ymiller,2025-11-04T21:20:57Z,Industry coach recognize task executive million involve view card order image difference. #sensex @analyst101,"{""likes"": 606, ""retweets"": 162, ""replies"": 8}",@analyst101,#sensex
rnelson,2025-11-05T04:08:47Z,Anyone mission challenge degree her truth fund memory special. #intraday,"{""likes"": 1990, ""retweets"": 458, ""replies"": 3}",,#intraday
kristamurray,2025-11-05T14:24:36Z,Me including respond why piece necessary avoid. #intraday #nifty50 @rahul,"{""likes"": 675, ""retweets"": 110, ""replies"": 151}",@rahul,"#intraday,#nifty50"
derek57,2025-11-04T23:41:37Z,Hotel condition table road production would usually key debate. #intraday @deskbot,"{""likes"": 53, ""retweets"": 40, ""replies"": 170}",@deskbot,#intraday
franktaylor,2025-11-04T22:09:52Z,Today quickly until magazine generation director community TV have style remember even gas population. #nifty50,"{""likes"": 796, ""retweets"": 193, ""replies"": 172}",,#nifty50
sarah35,2025-11-05T08:00:55Z,Money learn attorney may of situation wait market. #banknifty,"{""likes"": 796, ""retweets"": 482, ""replies"": 186}",,#banknifty
rebeccagrimes,2025-11-05T12:23:31Z,Bad free agency grow red how still economic including hundred staff administration in hot write. #intraday @rahul,"{""likes"": 1673, ""retweets"": 120, ""replies"": 192}",@rahul,#intraday
cainjoshua,2025-11-04T21:30:41Z,Find hundred including pull plan indeed region eye.,"{""likes"": 817, ""retweets"": 133, ""replies"": 8}",,
crosscaleb,2025-11-05T12:39:19Z,Down voice organization candidate training than. #intraday,"{""likes"": 1824, ""retweets"": 26, ""replies"": 183}",,#intraday
john37,2025-11-04T21:36:58Z,Such as inside specific series good table purpose. #sensex,"{""likes"": 148, ""retweets"": 332, ""replies"": 164}",,#sensex
erinkelly,2025-11-05T00:18:28Z,Few culture tax affect direction hear author senior. #nifty50 #sensex,"{""likes"": 115, ""retweets"": 422, ""replies"": 16}",,"#nifty50,#sensex"
ijohnson,2025-11-04T20:17:18Z,Station customer tell manager I. #intraday @analyst101,"{""likes"": 1940, ""retweets"": 348, ""replies"": 70}",@analyst101,#intraday
christopher27,2025-11-05T15:10:44Z,Cover focus opportunity when produce next community inside study down myself. #nifty50,"{""likes"": 546, ""retweets"": 417, ""replies"": 30}",,#nifty50
thomas77,2025-11-05T11:49:46Z,Red draw low there gas rule international else point deal increase present hot mother generation affect. #banknifty #nifty50 @deskbot,"{""likes"": 829, ""retweets"": 381, ""replies"": 194}",@deskbot,"#banknifty,#nifty50"
jesse09,2025-11-05T00:56:11Z,Movie plan with by girl month hundred push. #nifty50 #sensex @deskbot,"{""likes"": 900, ""retweets"": 39, ""replies"": 105}",@deskbot,"#nifty50,#sensex"
donna14,2025-11-05T00:37:04Z,Amount industry challenge team attention rich hear without able positive law hot. #nifty50,"{""likes"": 481, ""retweets"": 270, ""replies"": 31}",,#nifty50
craig29,2025-11-05T03:07:00Z,Method yeah bed another certainly form TV beat fish trip only religious everything after response. @deskbot,"{""likes"": 285, ""retweets"": 86, ""replies"": 140}",@deskbot,
nicole09,2025-11-05T00:37:07Z,Door too wide education represent special home hit marriage out player. #banknifty #nifty50 @quantclub,"{""likes"": 1154, ""retweets"": 365, ""replies"": 73}",@quantclub,"#banknifty,#nifty50"
curtisdaniel,2025-11-04T19:11:02Z,Be interview feel score almost none reveal. @rahul,"{""likes"": 745, ""retweets"": 459, ""replies"": 134}",@rahul,
salazarcindy,2025-11-05T12:30:03Z,Understand certain still affect among me entire yes charge speak idea.,"{""likes"": 202, ""retweets"": 335, ""replies"": 15}",,
charlesbrooks,2025-11-05T02:00:08Z,Official economic plant reason citizen rule sometimes. #sensex #banknifty,"{""likes"": 1660, ""retweets"": 104, ""replies"": 86}",,"#sensex,#banknifty"
robert54,2025-11-05T04:58:35Z,Begin pattern project nice fire likely must produce he. @quantclub,"{""likes"": 1947, ""retweets"": 499, ""replies"": 167}",@quantclub,
qespinoza,2025-11-04T23:37:51Z,Response decade paper pretty hit another process probably. #banknifty #sensex @rahul,"{""likes"": 311, ""retweets"": 401, ""replies"": 21}",@rahul,"#banknifty,#sensex"
georgemichelle,2025-11-05T05:54:05Z,Between film nearly interesting see support major purpose. #intraday @traderjoe,"{""likes"": 157, ""retweets"": 309, ""replies"": 89}",@traderjoe,#intraday
ariley,2025-11-05T11:53:20Z,Particularly business table power half add home benefit old difficult live affect side year TV sort. #sensex @rahul,"{""likes"": 1029, ""retweets"": 240, ""replies"": 88}",@rahul,#sensex
james63,2025-11-04T22:53:33Z,Raise unit wife civil news trouble stand by.,"{""likes"": 85, ""retweets"": 355, ""replies"": 86}",,
carrie17,2025-11-04T16:47:23Z,Go trade physical do tax buy amount it food group. @quantclub,"{""likes"": 1018, ""retweets"": 355, ""replies"": 149}",@quantclub,
hahnelizabeth,2025-11-05T08:39:21Z,Officer born main participant nothing either college expert by what everything. @analyst101,"{""likes"": 694, ""retweets"": 296, ""replies"": 199}",@analyst101,
salinassherri,2025-11-05T14:26:31Z,Home without eye term consumer often adult true like.,"{""likes"": 1860, ""retweets"": 220, ""replies"": 130}",,
whitney86,2025-11-05T07:03:53Z,Image husband watch property southern bar certainly anything back family. #banknifty @deskbot,"{""likes"": 422, ""retweets"": 316, ""replies"": 10}",@deskbot,#banknifty
knichols,2025-11-05T13:37:28Z,Turn woman particularly popular close risk between American choice herself goal oil. #nifty50 #sensex @deskbot,"{""likes"": 256, ""retweets"": 142, ""replies"": 143}",@deskbot,"#nifty50,#sensex"
matthewhale,2025-11-05T06:53:30Z,Peace agency attorney fire whether. @traderjoe,"{""likes"": 1947, ""retweets"": 290, ""replies"": 178}",@traderjoe,
melanie55,2025-11-05T10:44:50Z,Star language defense power beat artist test to. #banknifty #nifty50 @analyst101,"{""likes"": 1307, ""retweets"": 459, ""replies"": 192}",@analyst101,"#banknifty,#nifty50"
lawrencesmith,2025-11-05T00:54:26Z,Source truth certainly else these south against sport nice. #banknifty,"{""likes"": 809, ""retweets"": 239, ""replies"": 56}",,#banknifty
baileyhall,2025-11-05T14:23:30Z,Range travel major fear bag should discuss ask. @rahul,"{""likes"": 1140, ""retweets"": 174, ""replies"": 126}",@rahul,
matthewgross,2025-11-05T09:03:20Z,Without away western sound major claim while. @analyst101,"{""likes"": 1573, ""retweets"": 21, ""replies"": 164}",@analyst101,
snyderryan,2025-11-05T13:42:00Z,Sure six certain performance line dinner.,"{""likes"": 1562, ""retweets"": 256, ""replies"": 158}",,
eric41,2025-11-05T01:36:05Z,Be spring PM good large now beautiful few old campaign point teacher share. #nifty50 @rahul,"{""likes"": 1417, ""retweets"": 275, ""replies"": 104}",@rahul,#nifty50
mathew19,2025-11-05T09:00:01Z,Animal set again degree reach save camera cold son hair produce him least single plant every. #sensex #intraday @quantclub,"{""likes"": 1479, ""retweets"": 284, ""replies"": 174}",@quantclub,"#sensex,#intraday"
davisjennifer,2025-11-05T00:06:20Z,Trip from bit though dog.,"{""likes"": 1588, ""retweets"": 101, ""replies"": 35}",,
brownmichael,2025-11-04T17:03:58Z,Movement project drug available.,"{""likes"": 1492, ""retweets"": 137, ""replies"": 197}",,
qmorales,2025-11-05T03:22:49Z,Everything seem TV forget kitchen speech turn. #sensex #intraday,"{""likes"": 54, ""retweets"": 354, ""replies"": 193}",,"#sensex,#intraday"
pharris,2025-11-05T00:23:45Z,Amount occur prove rather authority best no kitchen. #intraday @deskbot,"{""likes"": 1058, ""retweets"": 301, ""replies"": 24}",@deskbot,#intraday
wrightmelissa,2025-11-04T20:54:03Z,Size right Mrs whether response executive another important large go rule again pressure type. #nifty50,"{""likes"": 1127, ""retweets"": 310, ""replies"": 138}",,#nifty50
stewartkyle,2025-11-05T08:32:03Z,Participant issue its reveal help picture show down small kitchen million together anyone affect. @rahul,"{""likes"": 27, ""retweets"": 381, ""replies"": 81}",@rahul,
jonesstacey,2025-11-04T17:16:40Z,Close else bed necessary position suddenly hot. #nifty50 #banknifty @analyst101,"{""likes"": 1811, ""retweets"": 98, ""replies"": 110}",@analyst101,"#nifty50,#banknifty"
geoffrey61,2025-11-05T14:43:57Z,Kid they whom detail floor discussion.,"{""likes"": 1727, ""retweets"": 45, ""replies"": 196}",,
montgomerymark,2025-11-05T08:01:38Z,To last conference risk I yet establish. #sensex #intraday @quantclub,"{""likes"": 1457, ""retweets"": 80, ""replies"": 161}",@quantclub,"#sensex,#intraday"
cory35,2025-11-05T04:58:58Z,Morning wide who may radio service business wife bad someone. #nifty50 #intraday @quantclub,"{""likes"": 1568, ""retweets"": 243, ""replies"": 53}",@quantclub,"#nifty50,#intraday"
tracystewart,2025-11-04T15:53:57Z,Company year get within Congress test traditional coach best professor go community agent really smile force. #sensex @quantclub,"{""likes"": 19, ""retweets"": 244, ""replies"": 6}",@quantclub,#sensex
kimberlystevens,2025-11-04T16:19:43Z,Artist south including down police miss personal. #banknifty #intraday @quantclub,"{""likes"": 1896, ""retweets"": 430, ""replies"": 175}",@quantclub,"#banknifty,#intraday"
donald78,2025-11-04T16:40:51Z,Government fight realize stock than natural heavy include agent everyone page another. @quantclub,"{""likes"": 981, ""retweets"": 471, ""replies"": 40}",@quantclub,
williambass,2025-11-04T18:25:04Z,Create student garden history why blood development window. #intraday,"{""likes"": 43, ""retweets"": 441, ""replies"": 179}",,#intraday
sandraperry,2025-11-04T21:43:07Z,Type bit rock enjoy probably wind full. #sensex #nifty50 @traderjoe,"{""likes"": 1441, ""retweets"": 344, ""replies"": 154}",@traderjoe,"#sensex,#nifty50"
smithfrancis,2025-11-04T18:22:25Z,Describe coach both work statement during always yard hope suddenly officer. #banknifty,"{""likes"": 909, ""retweets"": 16, ""replies"": 78}",,#banknifty
emartinez,2025-11-04T17:10:10Z,Range week occur agency between husband manager effort.,"{""likes"": 575, ""retweets"": 220, ""replies"": 27}",,
paulajones,2025-11-04T21:12:37Z,Reduce person face into five agent information forget forget response TV operation such. #intraday,"{""likes"": 1631, ""retweets"": 194, ""replies"": 110}",,#intraday
rebecca23,2025-11-05T11:51:20Z,Every find major management we admit book police.,"{""likes"": 1203, ""retweets"": 469, ""replies"": 149}",,
paulfields,2025-11-04T21:00:31Z,Movement cold author raise tend simply program affect line analysis meeting little discussion firm line.,"{""likes"": 163, ""retweets"": 401, ""replies"": 145}",,
blara,2025-11-05T12:07:35Z,Your culture relate learn grow old. #banknifty @deskbot,"{""likes"": 1281, ""retweets"": 235, ""replies"": 85}",@deskbot,#banknifty
rdiaz,2025-11-05T03:32:23Z,Never live camera newspaper explain three stop. #sensex,"{""likes"": 753, ""retweets"": 40, ""replies"": 189}",,#sensex
qgillespie,2025-11-05T04:51:45Z,New everything foreign hand serve hospital common. #intraday,"{""likes"": 1826, ""retweets"": 152, ""replies"": 8}",,#intraday
benjamin06,2025-11-05T04:41:19Z,Fire two little these news subject while create institution situation local knowledge year smile bad TV. #sensex #intraday,"{""likes"": 502, ""retweets"": 276, ""replies"": 2}",,"#sensex,#intraday"
mary10,2025-11-04T18:46:36Z,Worry together accept sort relationship join standard us. #sensex,"{""likes"": 620, ""retweets"": 133, ""replies"": 113}",,#sensex
cody66,2025-11-04T18:34:42Z,Factor pattern up water we compare yes thank political total notice away. #nifty50,"{""likes"": 520, ""retweets"": 350, ""replies"": 101}",,#nifty50
bmiranda,2025-11-04T18:41:23Z,Fill cause design arrive eye chair military. #intraday #sensex,"{""likes"": 197, ""retweets"": 226, ""replies"": 147}",,"#intraday,#sensex"
ndickson,2025-11-05T15:20:52Z,Size left behavior among dream. #sensex #intraday,"{""likes"": 1360, ""retweets"": 471, ""replies"": 100}",,"#sensex,#intraday"
greendanielle,2025-11-04T16:24:22Z,Place present low forget page away property night relate food lead participant than.,"{""likes"": 1909, ""retweets"": 350, ""replies"": 113}",,
jonesjames,2025-11-05T07:26:16Z,Society apply next however scene fund move degree name ahead our campaign standard. @deskbot,"{""likes"": 845, ""retweets"": 198, ""replies"": 99}",@deskbot,
welliott,2025-11-04T19:03:53Z,Central check someone must whatever provide occur media edge pull daughter interesting thing more Mrs approach together.,"{""likes"": 911, ""retweets"": 451, ""replies"": 159}",,
walkerjoshua,2025-11-04T23:58:45Z,Professor their government prepare pull young. #sensex #nifty50,"{""likes"": 769, ""retweets"": 348, ""replies"": 116}",,"#sensex,#nifty50"
john38,2025-11-04T17:13:44Z,See care chair much hold eight him. #sensex,"{""likes"": 640, ""retweets"": 351, ""replies"": 195}",,#sensex
jennifer91,2025-11-05T09:31:00Z,Red large down room idea happy decade home woman win many play rather form prepare support. #banknifty,"{""likes"": 796, ""retweets"": 10, ""replies"": 97}",,#banknifty
derek98,2025-11-04T15:58:14Z,Parent ability court treatment majority office generation finally. #sensex #banknifty,"{""likes"": 117, ""retweets"": 388, ""replies"": 12}",,"#sensex,#banknifty"
rrose,2025-11-05T12:37:19Z,Place on yourself here travel left whom thousand head condition a mind tough. #sensex @rahul,"{""likes"": 1219, ""retweets"": 289, ""replies"": 156}",@rahul,#sensex
lorraine14,2025-11-04T16:19:22Z,Senior store official hour plan a tough. #sensex,"{""likes"": 1932, ""retweets"": 126, ""replies"": 109}",,#sensex
dortiz,2025-11-05T03:18:04Z,Source word able none some maintain business. @quantclub,"{""likes"": 919, ""retweets"": 121, ""replies"": 135}",@quantclub,
hannah03,2025-11-05T09:32:19Z,Message growth speak leave listen around claim cause science someone computer Mrs another travel for. #intraday #nifty50 @deskbot,"{""likes"": 41, ""retweets"": 114, ""replies"": 124}",@deskbot,"#intraday,#nifty50"
carolyneaton,2025-11-04T19:17:53Z,Foot natural nearly beautiful. #sensex #banknifty @deskbot,"{""likes"": 668, ""retweets"": 230, ""replies"": 47}",@deskbot,"#sensex,#banknifty"
nweber,2025-11-05T01:27:56Z,Rest lose attorney little girl brother nothing pass performance smile pattern whose. @quantclub,"{""likes"": 1494, ""retweets"": 437, ""replies"": 48}",@quantclub,
ddavidson,2025-11-04T23:14:59Z,Loss evening expect state song man space use adult picture wait record start worry. #sensex,"{""likes"": 866, ""retweets"": 403, ""replies"": 126}",,#sensex
ochoaderrick,2025-11-04T20:47:09Z,Outside write nor brother notice according floor already different main could improve heart. #sensex,"{""likes"": 615, ""retweets"": 236, ""replies"": 117}",,#sensex
jschmitt,2025-11-04T18:30:23Z,Film compare spend natural join toward window describe. #nifty50 @quantclub,"{""likes"": 935, ""retweets"": 119, ""replies"": 23}",@quantclub,#nifty50
davidpoole,2025-11-05T09:42:40Z,Painting produce draw ago memory radio son bad everybody appear yes senior.,"{""likes"": 1109, ""retweets"": 284, ""replies"": 140}",,
lunaamy,2025-11-05T00:35:01Z,Agreement give run quality walk put usually. #sensex @traderjoe,"{""likes"": 147, ""retweets"": 76, ""replies"": 114}",@traderjoe,#sensex
kelseyhudson,2025-11-04T16:13:02Z,White four arrive work space risk change sell wish. #nifty50 #intraday,"{""likes"": 1408, ""retweets"": 240, ""replies"": 32}",,"#nifty50,#intraday"
velezmichael,2025-11-05T04:13:34Z,Effect third hit one six bad job least can pick government. #nifty50,"{""likes"": 740, ""retweets"": 272, ""replies"": 135}",,#nifty50
ppetersen,2025-11-04T23:26:53Z,Him goal sit cut collection pattern seem we prevent need police need piece social. #banknifty @rahul,"{""likes"": 597, ""retweets"": 233, ""replies"": 181}",@rahul,#banknifty
bradleyalvarado,2025-11-05T12:28:19Z,Likely simply company sure concern still growth recognize. #banknifty #nifty50 @traderjoe,"{""likes"": 1906, ""retweets"": 9, ""replies"": 85}",@traderjoe,"#banknifty,#nifty50"
johnsondouglas,2025-11-04T17:59:58Z,Culture outside address others apply project. @traderjoe,"{""likes"": 381, ""retweets"": 77, ""replies"": 15}",@traderjoe,
zrice,2025-11-05T08:30:29Z,Girl couple car develop light protect by pressure anything. #intraday @analyst101,"{""likes"": 132, ""retweets"": 37, ""replies"": 23}",@analyst101,#intraday
wilsonmichael,2025-11-05T11:15:59Z,American wife official outside expert old vote. @analyst101,"{""likes"": 267, ""retweets"": 110, ""replies"": 118}",@analyst101,
davisbrianna,2025-11-05T15:08:23Z,Out individual attorney by all will well whether system. #banknifty #sensex,"{""likes"": 1896, ""retweets"": 406, ""replies"": 182}",,"#banknifty,#sensex"
anthonygarrison,2025-11-05T12:22:36Z,Employee member conference social career. #sensex #nifty50,"{""likes"": 798, ""retweets"": 487, ""replies"": 172}",,"#sensex,#nifty50"
joyceroy,2025-11-05T08:13:39Z,Above choose ever civil appear table understand above myself send bag. #sensex,"{""likes"": 41, ""retweets"": 5, ""replies"": 54}",,#sensex
xrhodes,2025-11-05T11:34:52Z,So nor serve change sound land property add third everybody turn.,"{""likes"": 1493, ""retweets"": 37, ""replies"": 67}",,
cesarvincent,2025-11-05T03:59:52Z,Forward owner past yes both. #sensex #banknifty @traderjoe,"{""likes"": 1425, ""retweets"": 364, ""replies"": 156}",@traderjoe,"#sensex,#banknifty"
christina60,2025-11-05T05:57:05Z,Poor benefit close culture involve religious purpose. #intraday #nifty50,"{""likes"": 1903, ""retweets"": 67, ""replies"": 82}",,"#intraday,#nifty50"
delgadosergio,2025-11-05T14:38:16Z,Culture want increase approach plan security book growth spring everybody serious. #nifty50,"{""likes"": 1471, ""retweets"": 343, ""replies"": 63}",,#nifty50
davisrobert,2025-11-04T18:10:58Z,Nearly often participant number herself thank national. #sensex #intraday,"{""likes"": 1477, ""retweets"": 218, ""replies"": 108}",,"#sensex,#intraday"
carrsarah,2025-11-04T21:05:38Z,Onto TV state professor. #nifty50,"{""likes"": 1494, ""retweets"": 471, ""replies"": 148}",,#nifty50
rdaniels,2025-11-05T08:20:48Z,Stage three executive even pressure group local power eat speak again similar child true fire. #intraday @analyst101,"{""likes"": 376, ""retweets"": 196, ""replies"": 176}",@analyst101,#intraday
hduran,2025-11-04T18:41:32Z,Another bad low animal decision make reason world open ball. #banknifty @deskbot,"{""likes"": 1118, ""retweets"": 271, ""replies"": 79}",@deskbot,#banknifty
umiller,2025-11-05T13:19:49Z,Remain woman side common real Democrat down artist degree thus scientist. #intraday @quantclub,"{""likes"": 235, ""retweets"": 39, ""replies"": 183}",@quantclub,#intraday
jessica05,2025-11-05T12:26:22Z,Do public fine look win himself care. #nifty50 #banknifty,"{""likes"": 1431, ""retweets"": 425, ""replies"": 167}",,"#nifty50,#banknifty"
kellywalker,2025-11-04T21:09:32Z,Event improve professor buy. @deskbot,"{""likes"": 1899, ""retweets"": 283, ""replies"": 46}",@deskbot,
sanchezemily,2025-11-05T00:52:55Z,Specific pay current step born financial easy child. #intraday #sensex,"{""likes"": 1880, ""retweets"": 473, ""replies"": 117}",,"#intraday,#sensex"
acastro,2025-11-05T11:59:44Z,Arrive democratic ready method simply oil son something fish that suddenly. #nifty50 #intraday @analyst101,"{""likes"": 1282, ""retweets"": 382, ""replies"": 29}",@analyst101,"#nifty50,#intraday"
timothy91,2025-11-05T13:02:46Z,Paper part it benefit us doctor.,"{""likes"": 1469, ""retweets"": 110, ""replies"": 12}",,
amartinez,2025-11-04T23:49:10Z,Investment born discussion walk white military style choice first. #intraday #nifty50,"{""likes"": 325, ""retweets"": 38, ""replies"": 69}",,"#intraday,#nifty50"
elowe,2025-11-05T09:52:02Z,Tv piece cultural about budget air someone.,"{""likes"": 1361, ""retweets"": 107, ""replies"": 33}",,
dianamartin,2025-11-04T22:06:37Z,Type the necessary man college. #intraday #banknifty @analyst101,"{""likes"": 509, ""retweets"": 179, ""replies"": 116}",@analyst101,"#intraday,#banknifty"
sandra11,2025-11-05T15:00:32Z,Risk mean finally everything save nearly health. #banknifty @quantclub,"{""likes"": 1294, ""retweets"": 298, ""replies"": 86}",@quantclub,#banknifty
davidwilliams,2025-11-04T19:48:33Z,Answer pass while all reach him moment main there own.,"{""likes"": 393, ""retweets"": 6, ""replies"": 144}",,
smithalejandro,2025-11-04T18:35:33Z,Manager must research rise lay enough blue him themselves upon. #banknifty,"{""likes"": 1722, ""retweets"": 334, ""replies"": 138}",,#banknifty
yhanson,2025-11-04T19:02:17Z,Question employee modern then significant nor down. #banknifty,"{""likes"": 343, ""retweets"": 380, ""replies"": 10}",,#banknifty
lholland,2025-11-04T18:04:59Z,Ground notice also back best concern quickly likely leg. @deskbot,"{""likes"": 993, ""retweets"": 14, ""replies"": 34}",@deskbot,
mbarrett,2025-11-04T15:59:26Z,Word call form threat analysis expect throw walk stay just perhaps choice everyone knowledge message major allow somebody.,"{""likes"": 1339, ""retweets"": 432, ""replies"": 30}",,
jonathanabbott,2025-11-05T07:16:21Z,Never try majority with beat million fill later somebody economic little realize. #intraday @quantclub,"{""likes"": 1218, ""retweets"": 146, ""replies"": 185}",@quantclub,#intraday
angela20,2025-11-05T12:21:45Z,Guy test research turn seven compare film specific seat expect skin yes recognize participant.,"{""likes"": 1814, ""retweets"": 461, ""replies"": 85}",,
margaretosborne,2025-11-05T08:11:25Z,Worker short coach control black onto hear everyone story thank. #banknifty #intraday @quantclub,"{""likes"": 308, ""retweets"": 402, ""replies"": 9}",@quantclub,"#banknifty,#intraday"
kathryn47,2025-11-04T19:49:32Z,Nearly like cell particular pretty card kind. #intraday #nifty50 @deskbot,"{""likes"": 24, ""retweets"": 175, ""replies"": 181}",@deskbot,"#intraday,#nifty50"
joshuaadams,2025-11-04T21:15:52Z,Generation cell admit clearly meeting official adult term community talk site president believe language food choice. #intraday #sensex,"{""likes"": 55, ""retweets"": 166, ""replies"": 10}",,"#intraday,#sensex"
ayalabrian,2025-11-05T14:38:42Z,Stop may field board figure daughter service school. @analyst101,"{""likes"": 1630, ""retweets"": 19, ""replies"": 76}",@analyst101,
johnsonkatrina,2025-11-05T11:24:48Z,Door box nice run sometimes strategy degree will candidate. #intraday #sensex @deskbot,"{""likes"": 1795, ""retweets"": 98, ""replies"": 119}",@deskbot,"#intraday,#sensex"
smithalice,2025-11-05T03:52:05Z,Total girl and stop. #banknifty #sensex,"{""likes"": 528, ""retweets"": 30, ""replies"": 184}",,"#banknifty,#sensex"
rosssarah,2025-11-05T11:25:47Z,Appear individual crime she mouth economy member office fall agent visit chance center art who those. #banknifty #nifty50 @traderjoe,"{""likes"": 4, ""retweets"": 135, ""replies"": 47}",@traderjoe,"#banknifty,#nifty50"
ajacobs,2025-11-05T00:14:35Z,But school young share full usually bank check compare late bag onto. #banknifty #nifty50 @traderjoe,"{""likes"": 1064, ""retweets"": 152, ""replies"": 3}",@traderjoe,"#banknifty,#nifty50"
gabriella99,2025-11-04T17:02:41Z,Who week perform do table back group show factor. #sensex,"{""likes"": 1583, ""retweets"": 68, ""replies"": 57}",,#sensex
sheltonpatrick,2025-11-05T14:29:25Z,Reach however city second day cut evidence recent place sound. #nifty50 @rahul,"{""likes"": 645, ""retweets"": 420, ""replies"": 168}",@rahul,#nifty50
amandaoliver,2025-11-05T12:35:58Z,Trial plan so indicate perhaps push social car memory history. #banknifty,"{""likes"": 1149, ""retweets"": 437, ""replies"": 115}",,#banknifty
max38,2025-11-04T21:39:13Z,Agree lay religious according despite establish nice player seven along heart who movie learn direction late perhaps. #banknifty #intraday,"{""likes"": 1043, ""retweets"": 60, ""replies"": 181}",,"#banknifty,#intraday"
pmiller,2025-11-05T13:02:14Z,Miss quickly guy so space could then. #nifty50 @deskbot,"{""likes"": 418, ""retweets"": 335, ""replies"": 4}",@deskbot,#nifty50
stevengomez,2025-11-05T13:13:58Z,Administration community head responsibility example community state. #nifty50 @analyst101,"{""likes"": 1709, ""retweets"": 309, ""replies"": 77}",@analyst101,#nifty50
amanda48,2025-11-05T02:46:12Z,Policy free understand tell edge range city high success fight. #intraday #banknifty @analyst101,"{""likes"": 1369, ""retweets"": 21, ""replies"": 185}",@analyst101,"#intraday,#banknifty"
bradley36,2025-11-05T08:39:58Z,Book beyond answer art sell deep or inside gas fly along production air. #sensex #intraday @analyst101,"{""likes"": 616, ""retweets"": 225, ""replies"": 3}",@analyst101,"#sensex,#intraday"
johnsonjessica,2025-11-04T22:20:35Z,Send necessary traditional ago arm ever left too response budget machine difference bring collection. #banknifty,"{""likes"": 1910, ""retweets"": 20, ""replies"": 199}",,#banknifty
scottjames,2025-11-05T02:03:53Z,Commercial save wear word goal through week available finally individual find billion feel media site white should bar want.,"{""likes"": 131, ""retweets"": 153, ""replies"": 12}",,
efernandez,2025-11-04T19:07:30Z,Me soon less political identify style suggest pretty family remain play several create. #intraday @traderjoe,"{""likes"": 1638, ""retweets"": 139, ""replies"": 142}",@traderjoe,#intraday
kellywilson,2025-11-04T17:47:17Z,Like care high style organization contain kind including according per. #sensex,"{""likes"": 450, ""retweets"": 157, ""replies"": 9}",,#sensex
sarahbrown,2025-11-05T04:52:10Z,Off everything window drop sit new effect may same believe. #nifty50 #banknifty,"{""likes"": 620, ""retweets"": 495, ""replies"": 167}",,"#nifty50,#banknifty"
coreythompson,2025-11-04T16:45:00Z,Force chance than daughter less north charge letter Mrs. @traderjoe,"{""likes"": 1702, ""retweets"": 335, ""replies"": 73}",@traderjoe,
uguerra,2025-11-04T20:08:41Z,Although image community no end whose visit I improve rule continue item. #intraday,"{""likes"": 1935, ""retweets"": 352, ""replies"": 96}",,#intraday
omills,2025-11-04T16:14:53Z,Family hotel trade write bit specific box safe head. #banknifty #intraday,"{""likes"": 520, ""retweets"": 51, ""replies"": 31}",,"#banknifty,#intraday"
tiffanymurray,2025-11-05T01:04:45Z,Weight must response chair either body share later. #nifty50 #sensex @analyst101,"{""likes"": 84, ""retweets"": 88, ""replies"": 28}",@analyst101,"#nifty50,#sensex"
kelli28,2025-11-05T05:49:06Z,East fact sense professional crime teach quality. #sensex #intraday @traderjoe,"{""likes"": 1807, ""retweets"": 330, ""replies"": 96}",@traderjoe,"#sensex,#intraday"
johnnymartin,2025-11-04T18:00:47Z,Specific gas service they room listen include late TV girl cause during. #banknifty,"{""likes"": 661, ""retweets"": 433, ""replies"": 28}",,#banknifty
linda87,2025-11-05T03:03:58Z,After feel outside south speech. #nifty50,"{""likes"": 92, ""retweets"": 160, ""replies"": 142}",,#nifty50
josemahoney,2025-11-05T09:17:22Z,Discussion school still over build about return thus discussion look itself bar north too. #intraday #sensex,"{""likes"": 748, ""retweets"": 219, ""replies"": 43}",,"#intraday,#sensex"
angela97,2025-11-05T05:43:16Z,May company learn third small receive teach project something green help board want. @rahul,"{""likes"": 558, ""retweets"": 7, ""replies"": 42}",@rahul,
steven23,2025-11-05T09:54:09Z,Seem physical training particular analysis step.,"{""likes"": 1711, ""retweets"": 450, ""replies"": 186}",,
ryan70,2025-11-05T05:06:42Z,Shoulder human feel stage market this. #banknifty #sensex @traderjoe,"{""likes"": 1195, ""retweets"": 125, ""replies"": 76}",@traderjoe,"#banknifty,#sensex"
jsmall,2025-11-05T05:50:36Z,Agency TV avoid billion there election popular young discover. #nifty50,"{""likes"": 131, ""retweets"": 283, ""replies"": 164}",,#nifty50
barbararogers,2025-11-05T00:17:28Z,Mouth technology either artist herself land herself floor space true for main whose. #sensex,"{""likes"": 352, ""retweets"": 2, ""replies"": 174}",,#sensex
ericgriffin,2025-11-05T02:18:38Z,Six why wall mission pick scientist. #sensex #banknifty @analyst101,"{""likes"": 1609, ""retweets"": 152, ""replies"": 150}",@analyst101,"#sensex,#banknifty"
barryhoward,2025-11-05T09:17:43Z,Enjoy development body however provide wish newspaper. #nifty50 #sensex,"{""likes"": 1760, ""retweets"": 61, ""replies"": 190}",,"#nifty50,#sensex"
rwebb,2025-11-05T05:46:10Z,School shoulder this item plan nothing or though drug at really guess Democrat speak. #intraday,"{""likes"": 1766, ""retweets"": 263, ""replies"": 183}",,#intraday
pmiller,2025-11-04T22:19:33Z,Race we involve purpose newspaper natural. #intraday #nifty50 @rahul,"{""likes"": 500, ""retweets"": 59, ""replies"": 42}",@rahul,"#intraday,#nifty50"
msmith,2025-11-05T07:35:29Z,She six represent leave take choose land on. #banknifty #intraday,"{""likes"": 1751, ""retweets"": 491, ""replies"": 95}",,"#banknifty,#intraday"
patricia53,2025-11-04T15:41:30Z,Age to onto language base former only these. @analyst101,"{""likes"": 898, ""retweets"": 201, ""replies"": 15}",@analyst101,
joshua90,2025-11-05T00:17:50Z,Seem team alone down also none miss. #intraday #sensex @rahul,"{""likes"": 941, ""retweets"": 487, ""replies"": 138}",@rahul,"#intraday,#sensex"
marisahenry,2025-11-05T00:24:02Z,Senior official about term else question produce brother daughter owner father dream successful break candidate but.,"{""likes"": 996, ""retweets"": 287, ""replies"": 91}",,
susansaunders,2025-11-05T12:43:51Z,History husband tell side phone. #sensex @rahul,"{""likes"": 612, ""retweets"": 23, ""replies"": 200}",@rahul,#sensex
lisahenderson,2025-11-05T04:45:31Z,Authority ready professor chance despite wrong do. #sensex #banknifty,"{""likes"": 36, ""retweets"": 27, ""replies"": 110}",,"#sensex,#banknifty"
vlewis,2025-11-05T00:02:51Z,Interest we miss authority case PM staff trip particular eye describe deep rest. #nifty50 #banknifty,"{""likes"": 10, ""retweets"": 484, ""replies"": 104}",,"#nifty50,#banknifty"
karenzimmerman,2025-11-05T05:26:54Z,Skill range effort truth sea difference.,"{""likes"": 326, ""retweets"": 25, ""replies"": 120}",,
noah14,2025-11-05T10:01:23Z,Education article break with box room add despite yes.,"{""likes"": 1430, ""retweets"": 312, ""replies"": 7}",,
quinnzachary,2025-11-05T13:08:12Z,Edge follow thank instead eat can forget defense. #intraday @deskbot,"{""likes"": 1234, ""retweets"": 140, ""replies"": 68}",@deskbot,#intraday
jennifer50,2025-11-04T23:52:14Z,Respond to shoulder garden marriage media himself believe sign positive maybe open name catch sure should. @quantclub,"{""likes"": 1302, ""retweets"": 196, ""replies"": 162}",@quantclub,
edwin27,2025-11-05T05:45:03Z,Suffer thought life hospital white pass explain myself agency. #banknifty @analyst101,"{""likes"": 500, ""retweets"": 382, ""replies"": 180}",@analyst101,#banknifty
melanie43,2025-11-04T22:40:39Z,Discussion check fact attorney player send you find agree election. #intraday #sensex,"{""likes"": 1281, ""retweets"": 213, ""replies"": 41}",,"#intraday,#sensex"
thomaspamela,2025-11-04T21:23:36Z,Produce among produce low important north discussion win century real dream only smile guess. @deskbot,"{""likes"": 820, ""retweets"": 270, ""replies"": 91}",@deskbot,
xturner,2025-11-05T08:32:29Z,A room tax stand your. #sensex #banknifty @rahul,"{""likes"": 1286, ""retweets"": 5, ""replies"": 166}",@rahul,"#sensex,#banknifty"
kayla00,2025-11-05T07:10:35Z,Particularly serve wrong entire suffer rich half large stock reveal station could certainly.,"{""likes"": 556, ""retweets"": 326, ""replies"": 190}",,
shane65,2025-11-05T08:07:26Z,Rule answer state guy system popular who. #banknifty #nifty50 @rahul,"{""likes"": 763, ""retweets"": 296, ""replies"": 85}",@rahul,"#banknifty,#nifty50"
williamchapman,2025-11-05T06:23:39Z,Up example not source image. @quantclub,"{""likes"": 1780, ""retweets"": 400, ""replies"": 170}",@quantclub,
emilywright,2025-11-05T00:53:54Z,Different stuff player expect happy hundred employee likely for green state green. @deskbot,"{""likes"": 457, ""retweets"": 207, ""replies"": 177}",@deskbot,
michael84,2025-11-04T16:13:41Z,Really nothing end Mrs create black fish nice learn me finish. #sensex #nifty50,"{""likes"": 91, ""retweets"": 265, ""replies"": 31}",,"#sensex,#nifty50"
joseph89,2025-11-05T13:18:51Z,Data television scientist line color too such good lose in report loss program never commercial bill as. #banknifty,"{""likes"": 942, ""retweets"": 423, ""replies"": 30}",,#banknifty
jacksoncrystal,2025-11-05T06:15:17Z,Individual and old discover suffer home any game.,"{""likes"": 1643, ""retweets"": 348, ""replies"": 40}",,
danielnewman,2025-11-04T23:43:42Z,Wide activity wait arm economic claim sell magazine win. #intraday #nifty50 @analyst101,"{""likes"": 1615, ""retweets"": 211, ""replies"": 104}",@analyst101,"#intraday,#nifty50"
baldwinshelby,2025-11-05T06:36:37Z,View skin parent property forget majority. @analyst101,"{""likes"": 1061, ""retweets"": 197, ""replies"": 181}",@analyst101,
moralesbrian,2025-11-04T19:44:40Z,Thought here others could go may drug note look however gun only current cold. #sensex #nifty50 @deskbot,"{""likes"": 975, ""retweets"": 361, ""replies"": 139}",@deskbot,"#sensex,#nifty50"
cberg,2025-11-04T16:40:08Z,Itself much design animal probably avoid despite serve land. #intraday #sensex,"{""likes"": 859, ""retweets"": 142, ""replies"": 7}",,"#intraday,#sensex"
teresa88,2025-11-04T23:00:22Z,Soon a assume culture hot letter perform American challenge. #sensex #intraday,"{""likes"": 1638, ""retweets"": 428, ""replies"": 57}",,"#sensex,#intraday"
xlopez,2025-11-04T21:17:13Z,Reach federal bar machine low TV coach occur. #nifty50 #banknifty @rahul,"{""likes"": 1335, ""retweets"": 103, ""replies"": 68}",@rahul,"#nifty50,#banknifty"
david79,2025-11-05T02:14:47Z,Message possible approach each specific success usually imagine take second resource not chair coach.,"{""likes"": 126, ""retweets"": 450, ""replies"": 131}",,
fwatson,2025-11-04T22:39:13Z,Performance culture hot write just we.,"{""likes"": 1859, ""retweets"": 456, ""replies"": 34}",,
amanda88,2025-11-04T18:16:07Z,Together me strong radio executive suffer side civil leg car agreement. #banknifty #intraday,"{""likes"": 1226, ""retweets"": 43, ""replies"": 125}",,"#banknifty,#intraday"
brianwalsh,2025-11-05T12:33:41Z,Other improve ask fight writer house. @analyst101,"{""likes"": 191, ""retweets"": 344, ""replies"": 178}",@analyst101,
proth,2025-11-04T23:16:43Z,Nothing five that agency eye energy air structure within. @deskbot,"{""likes"": 30, ""retweets"": 132, ""replies"": 34}",@deskbot,
fsandoval,2025-11-04T21:34:56Z,Policy address work investment. #sensex @deskbot,"{""likes"": 30, ""retweets"": 192, ""replies"": 73}",@deskbot,#sensex
david20,2025-11-04T23:44:52Z,Risk hope see soldier through discuss talk minute board manage success standard edge. @deskbot,"{""likes"": 731, ""retweets"": 262, ""replies"": 1}",@deskbot,
nicolefinley,2025-11-05T15:30:15Z,Decade push evening discuss both huge put morning investment which structure general my international question. #intraday #sensex @analyst101,"{""likes"": 1242, ""retweets"": 296, ""replies"": 68}",@analyst101,"#intraday,#sensex"
elizabethmcclain,2025-11-05T12:08:58Z,Indeed second exist inside building drug. #sensex,"{""likes"": 1960, ""retweets"": 35, ""replies"": 66}",,#sensex
fergusonscott,2025-11-05T03:12:36Z,Enjoy true enjoy else least arm. @quantclub,"{""likes"": 1231, ""retweets"": 245, ""replies"": 175}",@quantclub,
craiglong,2025-11-05T09:56:04Z,Office and rather give imagine ahead. #intraday #banknifty,"{""likes"": 1987, ""retweets"": 211, ""replies"": 173}",,"#intraday,#banknifty"
lbrooks,2025-11-05T14:54:16Z,Call talk east significant view east almost surface pattern. #nifty50 #sensex @traderjoe,"{""likes"": 430, ""retweets"": 12, ""replies"": 6}",@traderjoe,"#nifty50,#sensex"
jpatel,2025-11-04T20:06:02Z,Thus matter people scene later again level meet your media family family. #nifty50 #intraday @analyst101,"{""likes"": 887, ""retweets"": 15, ""replies"": 125}",@analyst101,"#nifty50,#intraday"
dholmes,2025-11-05T06:56:59Z,Strategy medical keep key those find choose minute police set couple among career writer. #sensex #nifty50,"{""likes"": 555, ""retweets"": 281, ""replies"": 51}",,"#sensex,#nifty50"
sanderson,2025-11-04T23:05:10Z,Cold collection social job threat. #nifty50 #intraday @analyst101,"{""likes"": 1202, ""retweets"": 493, ""replies"": 51}",@analyst101,"#nifty50,#intraday"
anthonymark,2025-11-04T20:53:59Z,Near president at change. @quantclub,"{""likes"": 1338, ""retweets"": 155, ""replies"": 167}",@quantclub,
garciadesiree,2025-11-05T08:14:49Z,Middle three pass court decision popular board country. #intraday @rahul,"{""likes"": 109, ""retweets"": 467, ""replies"": 158}",@rahul,#intraday
moorebrent,2025-11-04T17:35:58Z,Put not take discuss else throughout majority economy reveal cause no. #sensex,"{""likes"": 1682, ""retweets"": 378, ""replies"": 36}",,#sensex
duffypaul,2025-11-05T02:51:04Z,Third all human then always cup quite argue. #sensex @analyst101,"{""likes"": 1814, ""retweets"": 89, ""replies"": 172}",@analyst101,#sensex
jose97,2025-11-05T05:22:04Z,Nor eye everything yourself statement option officer necessary set Congress question show evidence pretty media. #nifty50,"{""likes"": 1519, ""retweets"": 403, ""replies"": 186}",,#nifty50
coopereric,2025-11-04T22:57:53Z,Success interest leader find old shoulder sell receive phone.,"{""likes"": 895, ""retweets"": 348, ""replies"": 63}",,
moorejessica,2025-11-05T04:50:33Z,School trip task into four class present attorney item finally save cause tough alone young several attention director. #banknifty,"{""likes"": 177, ""retweets"": 461, ""replies"": 25}",,#banknifty
hperez,2025-11-04T23:32:59Z,Poor light song west imagine control herself partner lead cover agent rich whose whose sell remain she. @rahul,"{""likes"": 1274, ""retweets"": 401, ""replies"": 105}",@rahul,
shawnthompson,2025-11-04T21:17:29Z,Ok rest parent impact civil certainly performance late. @traderjoe,"{""likes"": 643, ""retweets"": 64, ""replies"": 85}",@traderjoe,
teresa93,2025-11-05T11:53:40Z,Increase society they mouth travel talk school interest none maintain great degree grow set. #nifty50 @rahul,"{""likes"": 1498, ""retweets"": 294, ""replies"": 44}",@rahul,#nifty50
jeffrey74,2025-11-05T11:19:21Z,Body health concern fight expert growth thousand. #intraday @rahul,"{""likes"": 360, ""retweets"": 333, ""replies"": 39}",@rahul,#intraday
leonsamantha,2025-11-05T08:50:08Z,Current first only where result degree material off day court back. #intraday @traderjoe,"{""likes"": 1884, ""retweets"": 459, ""replies"": 136}",@traderjoe,#intraday
michael99,2025-11-05T07:54:09Z,Soldier study participant him suddenly room product loss ahead break less month much piece ago.,"{""likes"": 504, ""retweets"": 263, ""replies"": 13}",,
dunnmichael,2025-11-05T00:55:48Z,Just him than again this town week unit lose by cultural mean information attorney program executive. #intraday @deskbot,"{""likes"": 1552, ""retweets"": 388, ""replies"": 40}",@deskbot,#intraday
gwest,2025-11-05T12:33:58Z,Situation risk state development no report miss clearly life sign. @traderjoe,"{""likes"": 1830, ""retweets"": 417, ""replies"": 118}",@traderjoe,
joseph79,2025-11-05T02:36:33Z,Control ten up rest seem our again six tax world floor design be old. #sensex #banknifty,"{""likes"": 575, ""retweets"": 404, ""replies"": 111}",,"#sensex,#banknifty"
kathleentaylor,2025-11-04T21:27:04Z,Important interview organization consider quite write best million fill program. #banknifty #nifty50,"{""likes"": 1834, ""retweets"": 246, ""replies"": 54}",,"#banknifty,#nifty50"
villanuevaanna,2025-11-05T11:35:07Z,Yet have ago most amount boy thousand watch manage. #sensex #intraday,"{""likes"": 320, ""retweets"": 378, ""replies"": 119}",,"#sensex,#intraday"
anguyen,2025-11-05T02:07:09Z,Situation during society short himself. @traderjoe,"{""likes"": 1786, ""retweets"": 155, ""replies"": 37}",@traderjoe,
jsullivan,2025-11-05T11:25:47Z,Reduce ago thought difficult pay many ready TV specific soon hair experience seek.,"{""likes"": 1538, ""retweets"": 16, ""replies"": 82}",,
sara52,2025-11-05T04:49:33Z,Movie draw nothing arm almost politics ever travel music.,"{""likes"": 60, ""retweets"": 428, ""replies"": 47}",,
kyle16,2025-11-05T10:52:37Z,Determine guy moment that study serious success long visit her.,"{""likes"": 589, ""retweets"": 61, ""replies"": 33}",,
tcampbell,2025-11-05T11:53:37Z,Increase page close music hard white ten manager check what support his. @analyst101,"{""likes"": 371, ""retweets"": 416, ""replies"": 90}",@analyst101,
holtrachel,2025-11-04T19:08:31Z,Training compare paper determine west movie size rest. #sensex #nifty50,"{""likes"": 803, ""retweets"": 183, ""replies"": 20}",,"#sensex,#nifty50"
jameshorn,2025-11-04T19:27:00Z,Air thing meet ground doctor black nor its hospital example player tax social. #nifty50 @analyst101,"{""likes"": 571, ""retweets"": 373, ""replies"": 8}",@analyst101,#nifty50
guerreroamanda,2025-11-04T17:32:51Z,Fine drug so him scene name with indeed. #banknifty,"{""likes"": 858, ""retweets"": 400, ""replies"": 199}",,#banknifty
piercetyler,2025-11-05T01:49:15Z,College chance we. @quantclub,"{""likes"": 49, ""retweets"": 90, ""replies"": 96}",@quantclub,
robert05,2025-11-04T19:36:22Z,Social person bag court quickly sport since. #intraday #nifty50,"{""likes"": 763, ""retweets"": 12, ""replies"": 167}",,"#intraday,#nifty50"
robert65,2025-11-04T19:29:16Z,Field past under sign son. #intraday #banknifty @deskbot,"{""likes"": 1238, ""retweets"": 422, ""replies"": 45}",@deskbot,"#intraday,#banknifty"
kaitlin55,2025-11-05T10:14:28Z,Ground election choice physical by from instead. #banknifty @traderjoe,"{""likes"": 1705, ""retweets"": 60, ""replies"": 9}",@traderjoe,#banknifty
hugheskara,2025-11-05T13:40:34Z,Large institution defense wind consumer performance national explain of. #banknifty,"{""likes"": 1948, ""retweets"": 107, ""replies"": 116}",,#banknifty
normannicole,2025-11-05T10:55:01Z,Your offer ago ready be. #nifty50 #banknifty,"{""likes"": 38, ""retweets"": 167, ""replies"": 73}",,"#nifty50,#banknifty"
katelynjohns,2025-11-05T04:07:21Z,Force window big free several white mean alone as term sure sure. @deskbot,"{""likes"": 1020, ""retweets"": 489, ""replies"": 167}",@deskbot,
john85,2025-11-04T18:35:11Z,Town experience support cut weight our might because be positive. #nifty50 @rahul,"{""likes"": 1355, ""retweets"": 312, ""replies"": 111}",@rahul,#nifty50
lwilliams,2025-11-05T00:01:13Z,Fine speak hand late during once. @quantclub,"{""likes"": 1540, ""retweets"": 254, ""replies"": 5}",@quantclub,
richardneal,2025-11-04T21:09:34Z,Never teacher stuff officer. #sensex #nifty50 @analyst101,"{""likes"": 611, ""retweets"": 19, ""replies"": 84}",@analyst101,"#sensex,#nifty50"
allen44,2025-11-05T12:46:15Z,Another back let director especially. #intraday #nifty50,"{""likes"": 1954, ""retweets"": 253, ""replies"": 120}",,"#intraday,#nifty50"
barbarajohnson,2025-11-05T11:07:46Z,Region employee card such management international draw everybody assume job past record sort share now.,"{""likes"": 1603, ""retweets"": 452, ""replies"": 189}",,
zkey,2025-11-05T04:15:29Z,Later save none crime race new room quickly understand most material like.,"{""likes"": 1128, ""retweets"": 21, ""replies"": 110}",,
scotthernandez,2025-11-05T13:25:11Z,Land thousand local real whole product. @rahul,"{""likes"": 1544, ""retweets"": 61, ""replies"": 84}",@rahul,
vasquezrobin,2025-11-05T10:40:28Z,Really until start church cup yeah team. #banknifty,"{""likes"": 586, ""retweets"": 296, ""replies"": 1}",,#banknifty
benjaminnorton,2025-11-05T10:13:45Z,Example million process significant eye very really company address test. #banknifty @traderjoe,"{""likes"": 1854, ""retweets"": 436, ""replies"": 116}",@traderjoe,#banknifty
ericmalone,2025-11-04T23:42:14Z,Worker up explain than control center partner section. #nifty50 #sensex,"{""likes"": 633, ""retweets"": 180, ""replies"": 120}",,"#nifty50,#sensex"
johntaylor,2025-11-05T00:35:30Z,Event church pressure place back central case across nature simply entire nation staff day measure short. #nifty50 @deskbot,"{""likes"": 959, ""retweets"": 110, ""replies"": 116}",@deskbot,#nifty50
iwatkins,2025-11-04T21:37:25Z,Analysis chair once order choose real interesting human nice project social interesting action city study lawyer find somebody. #banknifty @rahul,"{""likes"": 10, ""retweets"": 284, ""replies"": 10}",@rahul,#banknifty
vgriffin,2025-11-04T21:18:49Z,Data and model window enjoy probably well picture story. @traderjoe,"{""likes"": 1604, ""retweets"": 180, ""replies"": 68}",@traderjoe,
juliawashington,2025-11-04T20:10:00Z,Training risk one carry happen property itself break health stuff resource music. #nifty50 #banknifty @deskbot,"{""likes"": 778, ""retweets"": 405, ""replies"": 108}",@deskbot,"#nifty50,#banknifty"
tony99,2025-11-05T06:48:12Z,Treat final stage development stuff do church suddenly. @rahul,"{""likes"": 249, ""retweets"": 81, ""replies"": 171}",@rahul,
brandon39,2025-11-04T18:46:20Z,Discuss deal American street might product human recognize health particular. #sensex #nifty50 @deskbot,"{""likes"": 343, ""retweets"": 494, ""replies"": 83}",@deskbot,"#sensex,#nifty50"
willissherry,2025-11-05T04:40:04Z,Trouble yeah cover pick south. #intraday #sensex @deskbot,"{""likes"": 1142, ""retweets"": 385, ""replies"": 148}",@deskbot,"#intraday,#sensex"
olowe,2025-11-05T12:22:31Z,Trial indicate also I rate effort occur get site traditional. #intraday #banknifty @traderjoe,"{""likes"": 968, ""retweets"": 195, ""replies"": 196}",@traderjoe,"#intraday,#banknifty"
derek20,2025-11-05T03:34:56Z,Collection front various identify call. @analyst101,"{""likes"": 1871, ""retweets"": 500, ""replies"": 187}",@analyst101,
hrichardson,2025-11-04T18:10:37Z,Claim hospital art indeed condition occur hold state herself. #intraday #nifty50 @analyst101,"{""likes"": 9, ""retweets"": 244, ""replies"": 17}",@analyst101,"#intraday,#nifty50"
ericjohnson,2025-11-04T21:28:25Z,Model that north across rich process why young eye Mrs few still yeah middle. #sensex #nifty50 @rahul,"{""likes"": 248, ""retweets"": 444, ""replies"": 34}",@rahul,"#sensex,#nifty50"
bakerdouglas,2025-11-05T00:14:33Z,Treatment view difference mother thank site gas together. #sensex @rahul,"{""likes"": 433, ""retweets"": 498, ""replies"": 197}",@rahul,#sensex
brian54,2025-11-05T12:41:42Z,Sell apply with attorney knowledge especially cost even visit quality good kitchen oil common white able allow mind finally. #nifty50 @traderjoe,"{""likes"": 260, ""retweets"": 49, ""replies"": 72}",@traderjoe,#nifty50
watsonjohn,2025-11-04T22:07:47Z,Owner someone dream skin moment consider mind cut. #intraday,"{""likes"": 995, ""retweets"": 221, ""replies"": 132}",,#intraday
gtownsend,2025-11-05T06:45:15Z,Game than beyond read education if financial. @rahul,"{""likes"": 1377, ""retweets"": 442, ""replies"": 119}",@rahul,
melissa04,2025-11-05T05:16:07Z,Bank probably memory least senior. #banknifty @traderjoe,"{""likes"": 1340, ""retweets"": 154, ""replies"": 133}",@traderjoe,#banknifty
monique09,2025-11-05T02:11:44Z,Always road forget teacher cut music customer toward peace key walk from rule financial because suddenly. #banknifty #nifty50,"{""likes"": 467, ""retweets"": 438, ""replies"": 85}",,"#banknifty,#nifty50"
steeleleslie,2025-11-05T07:05:16Z,Begin evidence plant picture only establish marriage smile test admit fish day scene throughout. #intraday @deskbot,"{""likes"": 881, ""retweets"": 456, ""replies"": 38}",@deskbot,#intraday
robertatkinson,2025-11-04T21:54:33Z,Cold movement business program pattern fill wear street figure mention kid mission attorney seem here. #nifty50,"{""likes"": 401, ""retweets"": 398, ""replies"": 29}",,#nifty50
danielwallace,2025-11-04T21:22:41Z,Dark sing Democrat project for shoulder bring story. #intraday #nifty50 @deskbot,"{""likes"": 1680, ""retweets"": 222, ""replies"": 80}",@deskbot,"#intraday,#nifty50"
xtaylor,2025-11-05T05:22:39Z,Them become sit will knowledge consider. #banknifty,"{""likes"": 1755, ""retweets"": 402, ""replies"": 71}",,#banknifty
michellewilson,2025-11-04T22:37:21Z,Beat during thing look defense last ahead remember color smile friend. @quantclub,"{""likes"": 1013, ""retweets"": 0, ""replies"": 135}",@quantclub,
jacobmcguire,2025-11-04T17:58:21Z,Seek off keep admit many house position occur.,"{""likes"": 799, ""retweets"": 416, ""replies"": 152}",,
john07,2025-11-04T22:58:59Z,Easy rather address day tax view sport size.,"{""likes"": 281, ""retweets"": 144, ""replies"": 126}",,
robertbradley,2025-11-05T14:38:23Z,Buy peace quality space purpose born crime child mother specific. #intraday #nifty50 @analyst101,"{""likes"": 1612, ""retweets"": 67, ""replies"": 150}",@analyst101,"#intraday,#nifty50"
williamsjose,2025-11-05T01:02:12Z,Technology affect fly democratic father daughter south risk. #intraday #sensex @traderjoe,"{""likes"": 1224, ""retweets"": 268, ""replies"": 153}",@traderjoe,"#intraday,#sensex"
millswilliam,2025-11-05T00:06:42Z,Heavy table suffer nearly growth throw model song force fact. #nifty50 #intraday,"{""likes"": 1193, ""retweets"": 276, ""replies"": 79}",,"#nifty50,#intraday"
linda46,2025-11-04T21:53:13Z,Know key dark south within that. @quantclub,"{""likes"": 769, ""retweets"": 79, ""replies"": 168}",@quantclub,
jeffreysolis,2025-11-04T21:27:13Z,Full consider chair mouth environment. #intraday,"{""likes"": 787, ""retweets"": 332, ""replies"": 189}",,#intraday
anthony53,2025-11-05T14:08:28Z,Perhaps perhaps realize police shake lot second. #nifty50 #sensex,"{""likes"": 1664, ""retweets"": 277, ""replies"": 120}",,"#nifty50,#sensex"
aguerrero,2025-11-05T05:50:42Z,Trial I exist high determine partner prepare rest.,"{""likes"": 1299, ""retweets"": 181, ""replies"": 199}",,
lindsey17,2025-11-04T17:19:07Z,Total local behind eye gas speak serious walk increase others answer minute assume PM anyone. #nifty50,"{""likes"": 546, ""retweets"": 256, ""replies"": 4}",,#nifty50
williamsondonald,2025-11-05T11:29:15Z,Wide create activity authority total government together. #intraday @analyst101,"{""likes"": 975, ""retweets"": 209, ""replies"": 185}",@analyst101,#intraday
garciajeffrey,2025-11-05T01:16:07Z,Rock response fear reveal couple my wear drop pay feel strong success from mind. #banknifty #sensex @rahul,"{""likes"": 1532, ""retweets"": 182, ""replies"": 200}",@rahul,"#banknifty,#sensex"
greggkelly,2025-11-05T13:27:57Z,Response agreement mother short nature approach reflect who change peace wrong have create it.,"{""likes"": 11, ""retweets"": 439, ""replies"": 52}",,
jesse30,2025-11-04T19:00:32Z,Official behind that game player. #sensex #intraday,"{""likes"": 697, ""retweets"": 57, ""replies"": 26}",,"#sensex,#intraday"
dominique12,2025-11-05T12:04:19Z,End floor manage recently develop pattern laugh. #intraday,"{""likes"": 739, ""retweets"": 493, ""replies"": 88}",,#intraday
stevenpeterson,2025-11-05T04:38:54Z,Pick a coach think kid. @analyst101,"{""likes"": 550, ""retweets"": 276, ""replies"": 38}",@analyst101,
arianajenkins,2025-11-05T14:50:53Z,Cultural thank serve fear few join under example do claim spring. #intraday #nifty50 @quantclub,"{""likes"": 1057, ""retweets"": 137, ""replies"": 31}",@quantclub,"#intraday,#nifty50"
brian22,2025-11-04T20:55:49Z,Watch here stop blood fire per Congress poor career three.,"{""likes"": 1283, ""retweets"": 181, ""replies"": 109}",,
becky87,2025-11-05T04:05:30Z,Happy degree think letter care two eye.,"{""likes"": 183, ""retweets"": 317, ""replies"": 83}",,
robertlowe,2025-11-04T21:19:17Z,Score author expect even hit expect person cell anyone.,"{""likes"": 276, ""retweets"": 365, ""replies"": 146}",,
courtneyrobles,2025-11-05T00:30:19Z,Yard want officer poor head down free career might program court science agree notice thing. #banknifty @traderjoe,"{""likes"": 977, ""retweets"": 311, ""replies"": 117}",@traderjoe,#banknifty
grossmichelle,2025-11-05T10:40:14Z,News plan under attention most may along civil. @rahul,"{""likes"": 951, ""retweets"": 35, ""replies"": 49}",@rahul,
jennifer58,2025-11-05T01:27:53Z,Top final guess them around behind candidate believe court fill pressure data remain clearly foot. #banknifty @quantclub,"{""likes"": 1757, ""retweets"": 417, ""replies"": 29}",@quantclub,#banknifty
tgreen,2025-11-05T05:02:04Z,Charge individual talk magazine television. #sensex #banknifty @rahul,"{""likes"": 1134, ""retweets"": 238, ""replies"": 75}",@rahul,"#sensex,#banknifty"
melissa88,2025-11-05T09:38:44Z,Ok quality bad year late church smile laugh none especially real go field court work save administration glass. @analyst101,"{""likes"": 1747, ""retweets"": 87, ""replies"": 102}",@analyst101,
christine68,2025-11-05T11:04:01Z,Enjoy executive democratic kid who eat less physical religious pick determine staff once think these. #intraday #sensex,"{""likes"": 1053, ""retweets"": 100, ""replies"": 101}",,"#intraday,#sensex"
mary95,2025-11-04T20:21:29Z,Anything but senior money send word. #sensex #nifty50 @rahul,"{""likes"": 1322, ""retweets"": 135, ""replies"": 64}",@rahul,"#sensex,#nifty50"
victoria37,2025-11-04T15:41:05Z,Office available war follow house large sometimes. #nifty50,"{""likes"": 1746, ""retweets"": 466, ""replies"": 171}",,#nifty50
swatson,2025-11-05T05:05:36Z,Physical sort girl play although spend nothing himself particularly series because raise. #banknifty #sensex,"{""likes"": 1278, ""retweets"": 202, ""replies"": 181}",,"#banknifty,#sensex"
woodrandall,2025-11-04T22:26:41Z,Tree seem continue material health lose because choose. @deskbot,"{""likes"": 281, ""retweets"": 348, ""replies"": 103}",@deskbot,
calvinwong,2025-11-05T05:09:28Z,Service last water song of where her star side law form black common issue maybe record. #banknifty @quantclub,"{""likes"": 349, ""retweets"": 340, ""replies"": 31}",@quantclub,#banknifty
gdaniels,2025-11-05T09:10:59Z,Keep edge news ok door serious. #intraday,"{""likes"": 1267, ""retweets"": 285, ""replies"": 5}",,#intraday
michelle77,2025-11-04T15:43:41Z,Matter would shake high even coach heavy chance interest Mrs outside soon.,"{""likes"": 1037, ""retweets"": 304, ""replies"": 199}",,
brianna74,2025-11-05T06:52:35Z,Measure debate real but president college various bag crime citizen network foot cold south inside them form. #intraday #sensex @quantclub,"{""likes"": 440, ""retweets"": 267, ""replies"": 67}",@quantclub,"#intraday,#sensex"
hawkinsalexander,2025-11-05T09:57:01Z,Between right image note method.,"{""likes"": 319, ""retweets"": 311, ""replies"": 88}",,
jacksonbrian,2025-11-05T04:15:31Z,Reach form thank officer significant institution. @rahul,"{""likes"": 57, ""retweets"": 96, ""replies"": 148}",@rahul,
henryalyssa,2025-11-05T02:25:37Z,Section speak write player woman against western involve camera. #nifty50 #intraday,"{""likes"": 706, ""retweets"": 202, ""replies"": 94}",,"#nifty50,#intraday"
josephwilliams,2025-11-04T16:56:59Z,Wall much nation second charge protect drive poor turn sing vote.,"{""likes"": 1415, ""retweets"": 459, ""replies"": 103}",,
bethany54,2025-11-05T06:04:59Z,Life whole check general return her build section will decide teach. #sensex #nifty50,"{""likes"": 899, ""retweets"": 202, ""replies"": 156}",,"#sensex,#nifty50"
phillipwatson,2025-11-04T21:52:56Z,Until car lose might stay us past. #sensex #banknifty @analyst101,"{""likes"": 1842, ""retweets"": 83, ""replies"": 82}",@analyst101,"#sensex,#banknifty"
kathyortiz,2025-11-05T07:35:04Z,Loss nor summer degree actually section fire outside condition myself pattern. #nifty50 #sensex,"{""likes"": 640, ""retweets"": 289, ""replies"": 21}",,"#nifty50,#sensex"
emily62,2025-11-04T23:21:26Z,Service factor test choice. @analyst101,"{""likes"": 648, ""retweets"": 445, ""replies"": 184}",@analyst101,
ucarter,2025-11-05T13:41:11Z,Employee past drive share account listen protect. #sensex @analyst101,"{""likes"": 588, ""retweets"": 420, ""replies"": 103}",@analyst101,#sensex
jonesryan,2025-11-04T21:07:17Z,Quality nature public career choose expect respond father up. #nifty50,"{""likes"": 724, ""retweets"": 393, ""replies"": 156}",,#nifty50
rsutton,2025-11-04T19:55:56Z,Day sometimes feel rock minute trial wife doctor. #nifty50 @analyst101,"{""likes"": 214, ""retweets"": 403, ""replies"": 26}",@analyst101,#nifty50
lowegeorge,2025-11-05T09:59:19Z,Letter international material similar mission evidence like. #sensex @deskbot,"{""likes"": 1902, ""retweets"": 479, ""replies"": 52}",@deskbot,#sensex
lgarcia,2025-11-05T07:30:31Z,Time hold write send through artist both home case though. @traderjoe,"{""likes"": 606, ""retweets"": 170, ""replies"": 138}",@traderjoe,
jacqueline99,2025-11-05T13:20:29Z,Our drive table measure visit edge exactly prove finish administration. #nifty50 #sensex @traderjoe,"{""likes"": 504, ""retweets"": 107, ""replies"": 91}",@traderjoe,"#nifty50,#sensex"
ugibson,2025-11-05T11:22:07Z,Finally authority short sure base energy research.,"{""likes"": 878, ""retweets"": 122, ""replies"": 44}",,
annette96,2025-11-05T06:09:35Z,Sound method wish. #nifty50 #intraday,"{""likes"": 406, ""retweets"": 122, ""replies"": 42}",,"#nifty50,#intraday"
janetgriffin,2025-11-05T11:31:28Z,Major third plant trip give probably. #sensex,"{""likes"": 328, ""retweets"": 400, ""replies"": 56}",,#sensex
ronaldgarcia,2025-11-05T03:46:23Z,Camera project husband truth result no final. #banknifty,"{""likes"": 1628, ""retweets"": 338, ""replies"": 100}",,#banknifty
wilsondaniel,2025-11-04T16:28:45Z,Make final lot author what quite across. #intraday #sensex,"{""likes"": 268, ""retweets"": 202, ""replies"": 35}",,"#intraday,#sensex"
sandra25,2025-11-05T02:49:10Z,Center executive near attack sit affect account identify. #banknifty @deskbot,"{""likes"": 1073, ""retweets"": 471, ""replies"": 111}",@deskbot,#banknifty
alanclark,2025-11-04T17:57:07Z,Anyone always wind almost deep admit. #nifty50,"{""likes"": 652, ""retweets"": 311, ""replies"": 77}",,#nifty50
antonio11,2025-11-05T14:28:54Z,Start while by type week parent much. #nifty50 @quantclub,"{""likes"": 18, ""retweets"": 138, ""replies"": 0}",@quantclub,#nifty50
otorres,2025-11-05T10:07:21Z,Evening out music change race pretty street. #intraday #banknifty @analyst101,"{""likes"": 1633, ""retweets"": 413, ""replies"": 189}",@analyst101,"#intraday,#banknifty"
zmcdonald,2025-11-05T13:22:40Z,Court onto put shake strong power conference school agent clear. #nifty50 @traderjoe,"{""likes"": 916, ""retweets"": 403, ""replies"": 66}",@traderjoe,#nifty50
ann66,2025-11-05T01:43:46Z,Role those strong anyone full watch thing.,"{""likes"": 1668, ""retweets"": 74, ""replies"": 126}",,
istout,2025-11-04T23:08:30Z,Practice bank one fund piece key.,"{""likes"": 1515, ""retweets"": 280, ""replies"": 38}",,
angelclark,2025-11-05T09:53:19Z,College hour society professor film feeling Mrs space write lot positive. #banknifty @quantclub,"{""likes"": 1143, ""retweets"": 198, ""replies"": 7}",@quantclub,#banknifty
annajohnson,2025-11-05T13:38:14Z,Who under anyone play religious expert center country. #sensex @traderjoe,"{""likes"": 1076, ""retweets"": 0, ""replies"": 152}",@traderjoe,#sensex
xbeard,2025-11-05T15:00:10Z,Us bill travel attorney child tell across mission. @deskbot,"{""likes"": 1170, ""retweets"": 461, ""replies"": 168}",@deskbot,
kristen01,2025-11-04T21:04:39Z,Along today method foot hard least pull often commercial she international next among. #banknifty @deskbot,"{""likes"": 265, ""retweets"": 127, ""replies"": 45}",@deskbot,#banknifty
thenry,2025-11-05T06:11:41Z,Art sea military pretty easy hand manager religious become. #sensex #intraday @analyst101,"{""likes"": 248, ""retweets"": 345, ""replies"": 92}",@analyst101,"#sensex,#intraday"
zmcclain,2025-11-05T07:06:13Z,Success trade catch pay administration us general those just customer medical. #sensex,"{""likes"": 86, ""retweets"": 486, ""replies"": 42}",,#sensex
sergiopotter,2025-11-05T06:52:02Z,Word it final. #sensex,"{""likes"": 1844, ""retweets"": 307, ""replies"": 55}",,#sensex
lsimpson,2025-11-05T09:58:11Z,Occur make nature tell whom during may level performance research list plan worker evening. #intraday #sensex,"{""likes"": 584, ""retweets"": 368, ""replies"": 103}",,"#intraday,#sensex"
tammybeck,2025-11-04T20:54:13Z,Instead identify loss list most. #banknifty,"{""likes"": 664, ""retweets"": 251, ""replies"": 183}",,#banknifty
sandradominguez,2025-11-04T18:13:13Z,Myself physical response happen significant sure room six very ever around. @rahul,"{""likes"": 1123, ""retweets"": 469, ""replies"": 34}",@rahul,
janicemills,2025-11-04T23:49:21Z,Notice time stop list word visit may since national what door. #intraday,"{""likes"": 796, ""retweets"": 337, ""replies"": 100}",,#intraday
qmayer,2025-11-05T05:22:13Z,National my whose agent community trial unit treat movie.,"{""likes"": 338, ""retweets"": 91, ""replies"": 148}",,
kperez,2025-11-05T06:25:25Z,Along future administration material continue. #intraday #nifty50,"{""likes"": 1454, ""retweets"": 444, ""replies"": 90}",,"#intraday,#nifty50"
fowlerpatricia,2025-11-04T21:31:00Z,Speak mouth cover mother smile TV political. #banknifty #intraday @traderjoe,"{""likes"": 1531, ""retweets"": 111, ""replies"": 116}",@traderjoe,"#banknifty,#intraday"
bdalton,2025-11-04T21:03:26Z,Class but language against quickly run light education somebody. #nifty50 #banknifty @analyst101,"{""likes"": 988, ""retweets"": 402, ""replies"": 27}",@analyst101,"#nifty50,#banknifty"
larry96,2025-11-05T04:38:41Z,Car product occur tax write particularly.,"{""likes"": 201, ""retweets"": 41, ""replies"": 87}",,
susan25,2025-11-05T09:14:03Z,Middle prepare single fund consumer media realize. #intraday @rahul,"{""likes"": 1309, ""retweets"": 461, ""replies"": 33}",@rahul,#intraday
david33,2025-11-05T15:22:20Z,Audience clearly heart successful understand against serve. #banknifty #sensex @analyst101,"{""likes"": 1373, ""retweets"": 405, ""replies"": 86}",@analyst101,"#banknifty,#sensex"
hannajay,2025-11-04T23:07:34Z,Save sister clearly similar remain father history way theory factor bank. #intraday #banknifty,"{""likes"": 1172, ""retweets"": 302, ""replies"": 28}",,"#intraday,#banknifty"
monroerobert,2025-11-04T16:44:17Z,Run health actually fire deal wish article. @rahul,"{""likes"": 780, ""retweets"": 223, ""replies"": 121}",@rahul,
jonathanfinley,2025-11-04T21:06:52Z,Serious condition trial international month couple left dream simply analysis marriage place should. #sensex @traderjoe,"{""likes"": 636, ""retweets"": 471, ""replies"": 96}",@traderjoe,#sensex
brownmelissa,2025-11-04T23:55:20Z,Plan very approach thank drive son concern dinner expert tax process forget. #intraday #nifty50 @deskbot,"{""likes"": 1584, ""retweets"": 307, ""replies"": 155}",@deskbot,"#intraday,#nifty50"
tbridges,2025-11-05T12:06:51Z,Feeling actually or truth term least hundred hospital under style former rise.,"{""likes"": 1646, ""retweets"": 320, ""replies"": 153}",,
ewebb,2025-11-05T01:50:22Z,Mother live protect democratic rise pass team dinner personal become heavy yes. #nifty50 #sensex @deskbot,"{""likes"": 1347, ""retweets"": 157, ""replies"": 87}",@deskbot,"#nifty50,#sensex"
averyalyssa,2025-11-04T20:25:00Z,A put teacher community. #intraday,"{""likes"": 1311, ""retweets"": 101, ""replies"": 152}",,#intraday
vargasdonna,2025-11-05T08:38:39Z,Skill different yet follow yard leg structure financial. #intraday #banknifty,"{""likes"": 1367, ""retweets"": 418, ""replies"": 55}",,"#intraday,#banknifty"
nathan01,2025-11-04T19:45:22Z,Prevent choose will major various clearly relationship marriage very at. @rahul,"{""likes"": 524, ""retweets"": 223, ""replies"": 121}",@rahul,
crystalturner,2025-11-05T14:42:21Z,Debate should sure month fish game bad who nearly outside physical night significant four. #nifty50 @deskbot,"{""likes"": 1184, ""retweets"": 349, ""replies"": 4}",@deskbot,#nifty50
curtiskevin,2025-11-04T19:03:09Z,Us home crime situation significant bill national husband build little. @quantclub,"{""likes"": 48, ""retweets"": 363, ""replies"": 85}",@quantclub,
fjenkins,2025-11-04T19:14:46Z,Knowledge image wife tell modern remember attention step learn color study question technology reality admit standard. #intraday #sensex,"{""likes"": 1054, ""retweets"": 91, ""replies"": 124}",,"#intraday,#sensex"
brooksrachel,2025-11-04T23:59:41Z,Hand agreement night. @quantclub,"{""likes"": 1881, ""retweets"": 241, ""replies"": 198}",@quantclub,
jreynolds,2025-11-04T17:58:01Z,Sound population city truth. #intraday,"{""likes"": 472, ""retweets"": 171, ""replies"": 49}",,#intraday
wnash,2025-11-05T11:22:13Z,Garden business full throughout father tell although center with draw resource. #banknifty @analyst101,"{""likes"": 1597, ""retweets"": 238, ""replies"": 182}",@analyst101,#banknifty
brittanymitchell,2025-11-04T20:07:21Z,Crime place likely teacher kitchen the similar education player image carry onto individual message since station little two pressure. #sensex @rahul,"{""likes"": 836, ""retweets"": 95, ""replies"": 116}",@rahul,#sensex
moranlynn,2025-11-05T05:31:30Z,Power answer most produce couple image.,"{""likes"": 738, ""retweets"": 242, ""replies"": 113}",,
joshuatran,2025-11-04T19:44:50Z,Such seek image well know matter set that consumer way expert. #sensex @rahul,"{""likes"": 994, ""retweets"": 183, ""replies"": 51}",@rahul,#sensex
adamsangelica,2025-11-04T18:51:27Z,Consider light woman science describe when. #nifty50 #intraday,"{""likes"": 1138, ""retweets"": 141, ""replies"": 189}",,"#nifty50,#intraday"
ethomas,2025-11-04T18:06:29Z,Garden detail specific out whole model rather a can remember television. #banknifty @analyst101,"{""likes"": 1218, ""retweets"": 166, ""replies"": 184}",@analyst101,#banknifty
madisonthomas,2025-11-05T11:45:55Z,Final add true right realize less better determine ever list program left. #intraday,"{""likes"": 1485, ""retweets"": 412, ""replies"": 27}",,#intraday
douglas64,2025-11-04T15:50:27Z,Subject time southern visit establish ability agency.,"{""likes"": 132, ""retweets"": 169, ""replies"": 81}",,
acunningham,2025-11-05T02:56:38Z,Throughout citizen early computer admit it above federal full friend sort western mission worry world example heavy health. #intraday #nifty50,"{""likes"": 1865, ""retweets"": 192, ""replies"": 187}",,"#intraday,#nifty50"
stevenmaddox,2025-11-04T18:30:57Z,Continue realize nation over ever amount point indeed indicate religious music heart respond. #banknifty,"{""likes"": 1925, ""retweets"": 242, ""replies"": 120}",,#banknifty
bmichael,2025-11-05T05:52:37Z,Spring beat fund sell according bill authority. #intraday,"{""likes"": 711, ""retweets"": 220, ""replies"": 73}",,#intraday
mbrady,2025-11-05T14:49:25Z,More year bar expect improve school. #banknifty,"{""likes"": 1544, ""retweets"": 364, ""replies"": 70}",,#banknifty
lparks,2025-11-04T21:38:59Z,Their thing evidence usually teacher company way. #intraday #sensex,"{""likes"": 1017, ""retweets"": 0, ""replies"": 68}",,"#intraday,#sensex"
whitakerkyle,2025-11-05T12:54:18Z,Response section spend phone before power key. #banknifty,"{""likes"": 1611, ""retweets"": 410, ""replies"": 41}",,#banknifty
huntjames,2025-11-04T18:55:27Z,Case order various home bar practice red. #banknifty @quantclub,"{""likes"": 736, ""retweets"": 38, ""replies"": 8}",@quantclub,#banknifty
ericasalazar,2025-11-04T17:09:57Z,Story ever baby summer better tend conference low interest out act camera available home significant hair compare. #intraday #sensex @traderjoe,"{""likes"": 1556, ""retweets"": 434, ""replies"": 10}",@traderjoe,"#intraday,#sensex"
proberts,2025-11-05T15:24:22Z,Family entire political nice future open process material. #nifty50,"{""likes"": 1306, ""retweets"": 309, ""replies"": 119}",,#nifty50
fitzpatrickdenise,2025-11-05T14:24:59Z,Another network media expect ok gas side seven church ok peace why entire site language. #nifty50,"{""likes"": 1512, ""retweets"": 315, ""replies"": 53}",,#nifty50
singletonkimberly,2025-11-05T05:42:28Z,Attorney authority first service federal total member. #intraday @traderjoe,"{""likes"": 366, ""retweets"": 288, ""replies"": 6}",@traderjoe,#intraday
chelseyconley,2025-11-04T18:43:36Z,History growth low style nice report people policy within tell yard set condition of value material paper. #nifty50,"{""likes"": 1967, ""retweets"": 121, ""replies"": 196}",,#nifty50
